OBJECTID,EVENT_UNIQUE_ID,PRIMARY_OFFENCE,OCC_DATE,OCC_YEAR,OCC_MONTH,OCC_DOW,OCC_DAY,OCC_DOY,OCC_HOUR,REPORT_DATE,REPORT_YEAR,REPORT_MONTH,REPORT_DOW,REPORT_DAY,REPORT_DOY,REPORT_HOUR,DIVISION,LOCATION_TYPE,PREMISES_TYPE,BIKE_MAKE,BIKE_MODEL,BIKE_TYPE,BIKE_SPEED,BIKE_COLOUR,BIKE_COST,STATUS,HOOD_158,NEIGHBOURHOOD_158,HOOD_140,NEIGHBOURHOOD_140,LONG_WGS84,LAT_WGS84,x,y
36875,GO-20249046416,THEFT UNDER - BICYCLE,2024-09-01 05:00:00,2024,September,Sunday,1,245,9,9/1/2024 5:00:00 AM,2024,September,Sunday,1,245,9,D55,"Single Home, House (Attach Garage, Cottage, Mobile)",House,OT,FOREVER JOURNEY,TO,7.0,DBL,1200.0,STOLEN,070,South Riverdale (70),070,South Riverdale (70),-79.3440734792204,43.6614909126675,-8832541.85714636,5413205.69236385
36876,GO-20249046491,THEFT UNDER,2024-09-01 05:00:00,2024,September,Sunday,1,245,15,9/1/2024 5:00:00 AM,2024,September,Sunday,1,245,19,D51,"Apartment (Rooming House, Condo)",Apartment,UK,MAX PRO,EL,35.0,BLK,1399.98999023438,STOLEN,167,Church-Wellesley (167),075,Church-Yonge Corridor (75),-79.3809414494974,43.6657156048193,-8836645.98079334,5413855.79844768
36879,GO-20249046524,THEFT UNDER - BICYCLE,2024-09-02 05:00:00,2024,September,Monday,2,246,13,9/2/2024 5:00:00 AM,2024,September,Monday,2,246,13,D51,"Apartment (Rooming House, Condo)",Apartment,OT,7 PEAKS FRONTIE,OT,,BLU,800.0,STOLEN,073,Moss Park (73),073,Moss Park (73),-79.3630059578158,43.6548000939038,-8834649.41106809,5412176.18612985
36880,GO-20241923259,THEFT UNDER - BICYCLE,2024-09-01 05:00:00,2024,September,Sunday,1,245,21,9/2/2024 5:00:00 AM,2024,September,Monday,2,246,12,D14,"Single Home, House (Attach Garage, Cottage, Mobile)",House,LIV,24 ALIGHT 1 S C,RG,14.0,WHI,1160.0,STOLEN,080,Palmerston-Little Italy (80),080,Palmerston-Little Italy (80),-79.4221411259516,43.6563876024452,-8841232.30785783,5412420.44321273
36883,GO-20249046579,THEFT UNDER - BICYCLE,2024-09-01 05:00:00,2024,September,Sunday,1,245,14,9/2/2024 5:00:00 AM,2024,September,Monday,2,246,21,D55,"Single Home, House (Attach Garage, Cottage, Mobile)",House,GI,,MT,21.0,BLU,800.0,STOLEN,057,Broadview North (57),057,Broadview North (57),-79.3509973180635,43.6952934011508,-8833312.61537817,5418408.58515798
36884,GO-20249046577,THEFT UNDER,2024-09-02 05:00:00,2024,September,Monday,2,246,21,9/2/2024 5:00:00 AM,2024,September,Monday,2,246,22,D41,"Parking Lots (Apt., Commercial Or Non-Commercial)",Outside,OT,E SCOOTER,EL,30.0,BLK,800.0,STOLEN,120,Clairlea-Birchmount (120),120,Clairlea-Birchmount (120),-79.2679823873059,43.7066321151512,-8824071.43553101,5420154.50148405
36886,GO-20241923259,THEFT UNDER - BICYCLE,2024-09-01 05:00:00,2024,September,Sunday,1,245,21,9/2/2024 5:00:00 AM,2024,September,Monday,2,246,12,D14,"Single Home, House (Attach Garage, Cottage, Mobile)",House,TREK,6000,RG,27.0,WHI,300.0,STOLEN,080,Palmerston-Little Italy (80),080,Palmerston-Little Italy (80),-79.4221411259516,43.6563876024452,-8841232.30785783,5412420.44321273
36887,GO-20241920525,THEFT FROM MOTOR VEHICLE OVER,2024-09-01 05:00:00,2024,September,Sunday,1,245,23,9/2/2024 5:00:00 AM,2024,September,Monday,2,246,0,D52,"Streets, Roads, Highways (Bicycle Path, Private Road)",Outside,FINDI,,RG,3.0,WHI,2000.0,STOLEN,078,Kensington-Chinatown (78),078,Kensington-Chinatown (78),-79.3957000369495,43.652255791723,-8838288.89929433,5411784.72831966
36890,GO-20249046746,THEFT UNDER - BICYCLE,2024-09-03 05:00:00,2024,September,Tuesday,3,247,19,9/3/2024 5:00:00 AM,2024,September,Tuesday,3,247,19,D51,Pharmacy,Other,UK,CITIBIKE,RG,,,500.0,STOLEN,168,Downtown Yonge East (168),075,Church-Yonge Corridor (75),-79.3721579501152,43.6491340882377,-8835668.20615728,5411304.45602154
36891,GO-20249046747,THEFT UNDER,2024-09-02 05:00:00,2024,September,Monday,2,246,2,9/3/2024 5:00:00 AM,2024,September,Tuesday,3,247,19,D14,"Parking Lots (Apt., Commercial Or Non-Commercial)",Outside,UK,,RG,1.0,ONG,0.0,STOLEN,164,Wellington Place (164),077,Waterfront Communities-The Island (77),-79.3976305344321,43.6449446840483,-8838503.80123735,5410659.95794128
36892,GO-20249046692,THEFT UNDER - BICYCLE,2024-09-01 05:00:00,2024,September,Sunday,1,245,0,9/3/2024 5:00:00 AM,2024,September,Tuesday,3,247,16,D55,"Apartment (Rooming House, Condo)",Apartment,SU,,MT,,RED,0.0,STOLEN,062,East End-Danforth (62),062,East End-Danforth (62),-79.3015948513862,43.6876899246894,-8827813.1579078,5417237.99947339
36893,GO-20249046700,THEFT UNDER - BICYCLE,2024-09-01 05:00:00,2024,September,Sunday,1,245,0,9/3/2024 5:00:00 AM,2024,September,Tuesday,3,247,17,D22,"Single Home, House (Attach Garage, Cottage, Mobile)",House,SP,RIDGERUNNER SPO,RG,18.0,BLK,300.0,STOLEN,016,Stonegate-Queensway (16),016,Stonegate-Queensway (16),-79.4979245026433,43.6395088758577,-8849668.47479606,5409823.78001046
36894,GO-20249046727,THEFT UNDER,2024-09-03 05:00:00,2024,September,Tuesday,3,247,18,9/3/2024 5:00:00 AM,2024,September,Tuesday,3,247,18,D52,Convenience Stores,Commercial,OT,PBSC,OT,20.0,,0.0,STOLEN,169,Bay-Cloverhill (169),076,Bay Street Corridor (76),-79.3888627470576,43.6681955076369,-8837527.77565312,5414237.4333838
36895,GO-20249046691,THEFT FROM MOTOR VEHICLE UNDER,2024-09-02 05:00:00,2024,September,Monday,2,246,21,9/3/2024 5:00:00 AM,2024,September,Tuesday,3,247,16,D52,"Streets, Roads, Highways (Bicycle Path, Private Road)",Outside,UK,,SC,30.0,,500.0,STOLEN,078,Kensington-Chinatown (78),078,Kensington-Chinatown (78),-79.3983260357608,43.6539415940946,-8838581.22416583,5412044.09833249
36896,GO-20249046714,THEFT UNDER - BICYCLE,2024-09-01 05:00:00,2024,September,Sunday,1,245,12,9/3/2024 5:00:00 AM,2024,September,Tuesday,3,247,17,D52,"Open Areas (Lakes, Parks, Rivers)",Outside,UK,VERZA SPEED 40,RG,28.0,GRY,979.0,STOLEN,166,St Lawrence-East Bayfront-The Islands ,077,Waterfront Communities-The Island (77),-79.3739972478135,43.6185535548795,-8835872.95587405,5406600.97856478
36897,GO-20241931076,THEFT OVER - BICYCLE,2024-09-03 05:00:00,2024,September,Tuesday,3,247,13,9/3/2024 5:00:00 AM,2024,September,Tuesday,3,247,13,D41,"Apartment (Rooming House, Condo)",Apartment,UNKNOWN MAKE,CITY SPACE,EL,21.0,BLK,1400.0,RECOVERED,122,Birchcliffe-Cliffside (122),122,Birchcliffe-Cliffside (122),-79.2787826595215,43.6748051488664,-8825273.7164218,5415254.67515971
36898,GO-20249046718,THEFT UNDER - BICYCLE,2024-09-03 05:00:00,2024,September,Tuesday,3,247,16,9/3/2024 5:00:00 AM,2024,September,Tuesday,3,247,18,D14,Pharmacy,Other,OT,JAMIS,RG,24.0,BLK,600.0,STOLEN,085,South Parkdale (85),085,South Parkdale (85),-79.4303299232221,43.6339589778251,-8842143.88057008,5408970.12991993
36899,GO-20249046718,THEFT UNDER - BICYCLE,2024-09-03 05:00:00,2024,September,Tuesday,3,247,16,9/3/2024 5:00:00 AM,2024,September,Tuesday,3,247,18,D14,Pharmacy,Other,OT,JAMIS,RG,24.0,BLK,600.0,STOLEN,085,South Parkdale (85),085,South Parkdale (85),-79.4303299232221,43.6339589778251,-8842143.88057008,5408970.12991993
36900,GO-20249046608,THEFT UNDER - BICYCLE,2024-09-03 05:00:00,2024,September,Tuesday,3,247,11,9/3/2024 5:00:00 AM,2024,September,Tuesday,3,247,11,D11,"Apartment (Rooming House, Condo)",Apartment,MA,MUIRWOODS,RG,,BLK,1149.0,STOLEN,088,High Park North (88),088,High Park North (88),-79.4705938197277,43.6539129424022,-8846626.03708147,5412039.69000212
36902,GO-20241931076,THEFT OVER - BICYCLE,2024-09-03 05:00:00,2024,September,Tuesday,3,247,13,9/3/2024 5:00:00 AM,2024,September,Tuesday,3,247,13,D41,"Apartment (Rooming House, Condo)",Apartment,UNKNOWN MAKE,,EL,1.0,,1699.0,STOLEN,122,Birchcliffe-Cliffside (122),122,Birchcliffe-Cliffside (122),-79.2787826595215,43.6748051488664,-8825273.7164218,5415254.67515971
36904,GO-20241940259,THEFT UNDER - BICYCLE,2024-09-04 05:00:00,2024,September,Wednesday,4,248,10,9/4/2024 5:00:00 AM,2024,September,Wednesday,4,248,15,D11,"Parking Lots (Apt., Commercial Or Non-Commercial)",Outside,TREK,VERSA 2,RG,18.0,RED,1200.0,STOLEN,083,Dufferin Grove (83),083,Dufferin Grove (83),-79.4427249190965,43.6583537117001,-8843523.68521318,5412722.9616905
36907,GO-20249046889,THEFT UNDER - BICYCLE,2024-09-02 05:00:00,2024,September,Monday,2,246,4,9/4/2024 5:00:00 AM,2024,September,Wednesday,4,248,16,D51,"Apartment (Rooming House, Condo)",Apartment,CC,CCM VECTOR ROAD,RG,21.0,PLE,649.989990234375,STOLEN,071,Cabbagetown-South St.James Town (71),071,Cabbagetown-South St.James Town (71),-79.3749262530438,43.6643246034283,-8835976.3722376,5413641.74255779
36909,GO-20249046954,THEFT UNDER - BICYCLE,2024-09-04 05:00:00,2024,September,Wednesday,4,248,19,9/4/2024 5:00:00 AM,2024,September,Wednesday,4,248,21,D51,Pharmacy,Other,UK,,RG,20.0,BLK,1200.0,STOLEN,166,St Lawrence-East Bayfront-The Islands ,077,Waterfront Communities-The Island (77),-79.3562585619376,43.6515964907001,-8833898.29438119,5411683.29317477
36910,GO-20249046936,THEFT UNDER,2024-09-04 05:00:00,2024,September,Wednesday,4,248,7,9/4/2024 5:00:00 AM,2024,September,Wednesday,4,248,17,D53,Schools During Un-Supervised Activity,Educational,DB,DIAMONDBACK EXP,MT,24.0,BLU,674.989990234375,STOLEN,099,Mount Pleasant East (99),099,Mount Pleasant East (99),-79.3911884545533,43.7111331085345,-8837786.67228341,5420847.64862222
36911,GO-20249046963,THEFT UNDER - BICYCLE,2024-09-04 05:00:00,2024,September,Wednesday,4,248,15,9/4/2024 5:00:00 AM,2024,September,Wednesday,4,248,21,D52,Pharmacy,Other,SU,1800 HARDTAIL,MT,,BLK,100.0,STOLEN,169,Bay-Cloverhill (169),076,Bay Street Corridor (76),-79.3854400468752,43.6647392038429,-8837146.76243198,5413705.54337494
36912,GO-20249046887,THEFT OF EBIKE UNDER $5000,2024-09-02 05:00:00,2024,September,Monday,2,246,16,9/4/2024 5:00:00 AM,2024,September,Wednesday,4,248,16,D52,"Streets, Roads, Highways (Bicycle Path, Private Road)",Outside,OT,G30P MAX ADULT,SC,30.0,BLK,0.0,STOLEN,169,Bay-Cloverhill (169),076,Bay Street Corridor (76),-79.3852459475489,43.6665660056697,-8837125.15543014,5413986.66579459
36913,GO-20249046904,THEFT UNDER,2024-09-04 05:00:00,2024,September,Wednesday,4,248,15,9/4/2024 5:00:00 AM,2024,September,Wednesday,4,248,17,D43,"Private Property Structure (Pool, Shed, Detached Garage)",Other,NO,,MT,10.0,BLK,1000.0,STOLEN,140,Guildwood (140),140,Guildwood (140),-79.1895175975311,43.7520616001571,-8815336.77517433,5427152.97264513
36914,GO-20241937410,THEFT UNDER - BICYCLE,2024-09-01 05:00:00,2024,September,Sunday,1,245,18,9/4/2024 5:00:00 AM,2024,September,Wednesday,4,248,12,D11,"Streets, Roads, Highways (Bicycle Path, Private Road)",Outside,OTHER,TX60,OT,12.0,BLKRED,1200.0,STOLEN,171,Junction-Wallace Emerson (171),093,Dovercourt-Wallace Emerson-Junction (93),-79.4464539206252,43.6667239228586,-8843938.79581699,5414010.96768558
36915,GO-20249046898,THEFT UNDER - BICYCLE,2024-09-02 05:00:00,2024,September,Monday,2,246,21,9/4/2024 5:00:00 AM,2024,September,Wednesday,4,248,16,D14,Pharmacy,Other,KO,KONA ROVE DL,RG,,YEL,700.0,STOLEN,081,Trinity-Bellwoods (81),081,Trinity-Bellwoods (81),-79.4207636264108,43.6493274938724,-8841078.96525926,5411334.2106939
36916,GO-20249046906,THEFT UNDER - BICYCLE,2024-09-04 05:00:00,2024,September,Wednesday,4,248,12,9/4/2024 5:00:00 AM,2024,September,Wednesday,4,248,17,D11,"Apartment (Rooming House, Condo)",Apartment,UK,,RG,,RED,400.0,STOLEN,088,High Park North (88),088,High Park North (88),-79.4524417158515,43.6563170122285,-8844605.35410736,5412409.58196022
36917,GO-20249046981,THEFT UNDER,2024-09-04 05:00:00,2024,September,Wednesday,4,248,20,9/4/2024 5:00:00 AM,2024,September,Wednesday,4,248,21,D11,"Other Commercial / Corporate Places (For Profit, Warehouse, Corp. Bldg",Commercial,UK,NAVEE V40,EL,40.0,BLK,549.0,STOLEN,083,Dufferin Grove (83),083,Dufferin Grove (83),-79.4370618209781,43.6552164056345,-8842893.27202751,5412240.24008301
36919,GO-20249047112,THEFT UNDER - BICYCLE,2024-09-05 05:00:00,2024,September,Thursday,5,249,3,9/5/2024 5:00:00 AM,2024,September,Thursday,5,249,14,D14,Nursing Home,Other,GI,GIANT BOULDER,RG,,BLU,1000.0,STOLEN,163,Fort York-Liberty Village (163),082,Niagara (82),-79.4195534268142,43.6385122809916,-8840944.24652282,5409670.48428399
36920,GO-20249047193,THEFT UNDER,2024-09-05 05:00:00,2024,September,Thursday,5,249,19,9/5/2024 5:00:00 AM,2024,September,Thursday,5,249,20,D14,"Apartment (Rooming House, Condo)",Apartment,NO,STORM,MT,21.0,BLK,915.299987792969,STOLEN,163,Fort York-Liberty Village (163),082,Niagara (82),-79.4139616286781,43.6386707802279,-8840321.77041684,5409694.864348
36921,GO-20249047137,THEFT UNDER - BICYCLE,2024-09-05 05:00:00,2024,September,Thursday,5,249,10,9/5/2024 5:00:00 AM,2024,September,Thursday,5,249,15,D41,"Bank And Other Financial Institutions (Money Mart, Tsx)",Commercial,GI,TALON 1,MT,10.0,BLK,1200.0,STOLEN,138,Eglinton East (138),138,Eglinton East (138),-79.2488318419445,43.7378777805222,-8821939.6066132,5424967.36688799
36922,GO-20249047189,THEFT UNDER,2024-09-05 05:00:00,2024,September,Thursday,5,249,16,9/5/2024 5:00:00 AM,2024,September,Thursday,5,249,20,D14,"Open Areas (Lakes, Parks, Rivers)",Outside,UK,MOBILITY SCOOTE,SC,8.0,RED,2500.0,STOLEN,085,South Parkdale (85),085,South Parkdale (85),-79.4281166239598,43.6359764797773,-8841897.49725243,5409280.44015338
36924,GO-20249047065,THEFT UNDER,2024-09-05 05:00:00,2024,September,Thursday,5,249,12,9/5/2024 5:00:00 AM,2024,September,Thursday,5,249,18,D51,"Hospital / Institutions / Medical Facilities (Clinic, Dentist, Morgue)",Other,OT,,EL,10.0,BLK,2000.0,STOLEN,168,Downtown Yonge East (168),075,Church-Yonge Corridor (75),-79.3766566481052,43.6529694920731,-8836168.99892787,5411894.534145
36925,GO-20249047123,THEFT UNDER,2024-09-05 05:00:00,2024,September,Thursday,5,249,14,9/5/2024 5:00:00 AM,2024,September,Thursday,5,249,19,D52,"Streets, Roads, Highways (Bicycle Path, Private Road)",Outside,SU,"SC 26"""" 1800 NBK",MT,,BLK,155.0,STOLEN,170,Yonge-Bay Corridor (170),076,Bay Street Corridor (76),-79.3854456422606,43.6539008930046,-8837147.38526454,5412037.83617152
36927,GO-20249047064,THEFT UNDER - BICYCLE,2024-09-05 05:00:00,2024,September,Thursday,5,249,11,9/5/2024 5:00:00 AM,2024,September,Thursday,5,249,18,D52,"Open Areas (Lakes, Parks, Rivers)",Outside,OT,LIBRA,EL,32.0,BLK,728.530029296875,STOLEN,165,Harbourfront-CityPlace (165),077,Waterfront Communities-The Island (77),-79.3814675429089,43.6429071820109,-8836704.54530953,5410346.52479714
36928,GO-20249047123,THEFT UNDER,2024-09-05 05:00:00,2024,September,Thursday,5,249,14,9/5/2024 5:00:00 AM,2024,September,Thursday,5,249,19,D52,"Streets, Roads, Highways (Bicycle Path, Private Road)",Outside,SU,"SC 26"""" 1800 BK",RG,30.0,BLK,150.0,STOLEN,170,Yonge-Bay Corridor (170),076,Bay Street Corridor (76),-79.3854456422606,43.6539008930046,-8837147.38526454,5412037.83617152
36929,GO-20241944415,THEFT OF EBIKE UNDER $5000,2024-09-05 05:00:00,2024,September,Thursday,5,249,4,9/5/2024 5:00:00 AM,2024,September,Thursday,5,249,5,D52,"Streets, Roads, Highways (Bicycle Path, Private Road)",Outside,OTHER,,EL,1.0,GRN,1300.0,STOLEN,170,Yonge-Bay Corridor (170),076,Bay Street Corridor (76),-79.3840898413032,43.6463747854784,-8836996.4581876,5410879.95968366
36930,GO-20241949032,THEFT UNDER - BICYCLE,2024-09-05 05:00:00,2024,September,Thursday,5,249,14,9/5/2024 5:00:00 AM,2024,September,Thursday,5,249,16,D22,"Other Commercial / Corporate Places (For Profit, Warehouse, Corp. Bldg",Commercial,GT,,RG,15.0,BLU,700.0,STOLEN,159,Etobicoke City Centre (159),014,Islington-City Centre West (14),-79.5569095864054,43.6101506050342,-8856234.66420002,5405308.97126293
36931,GO-20249047438,THEFT UNDER - BICYCLE,2024-09-06 05:00:00,2024,September,Friday,6,250,14,9/6/2024 5:00:00 AM,2024,September,Friday,6,250,18,D51,Universities / Colleges,Educational,OT,,RG,,GRY,3999.0,STOLEN,168,Downtown Yonge East (168),075,Church-Yonge Corridor (75),-79.3795628472736,43.6562871953909,-8836492.5155207,5412404.99420423
36932,GO-20249047236,THEFT UNDER - BICYCLE,2024-09-03 05:00:00,2024,September,Tuesday,3,247,14,9/6/2024 5:00:00 AM,2024,September,Friday,6,250,14,D55,Pharmacy,Other,UK,FELT,RC,21.0,BLU,1000.0,STOLEN,065,Greenwood-Coxwell (65),065,Greenwood-Coxwell (65),-79.3192714254818,43.6728882948523,-8829780.90512445,5414959.65456749
36933,GO-20249047262,THEFT UNDER,2024-09-06 05:00:00,2024,September,Friday,6,250,0,9/6/2024 5:00:00 AM,2024,September,Friday,6,250,10,D52,"Private Property Structure (Pool, Shed, Detached Garage)",Other,MA,FAIRFAX 1,RG,21.0,BLU,905.809997558594,STOLEN,078,Kensington-Chinatown (78),078,Kensington-Chinatown (78),-79.3940939381367,43.6526048919613,-8838110.10917149,5411838.43869834
36934,GO-20249047370,THEFT UNDER,2024-09-06 05:00:00,2024,September,Friday,6,250,13,9/6/2024 5:00:00 AM,2024,September,Friday,6,250,16,D51,Convenience Stores,Commercial,UK,BIG WHEEL,SC,24.0,BLK,200.0,STOLEN,167,Church-Wellesley (167),075,Church-Yonge Corridor (75),-79.3797337493324,43.662805301909,-8836511.54024431,5413407.94890076
36935,GO-20249047227,THEFT UNDER - BICYCLE,2024-09-05 05:00:00,2024,September,Thursday,5,249,20,9/6/2024 5:00:00 AM,2024,September,Friday,6,250,13,D31,Pharmacy,Other,OT,HYPER,OT,,BLK,600.0,STOLEN,024,Black Creek (24),024,Black Creek (24),-79.5180928122796,43.7589487863439,-8851913.6006841,5428214.41619617
36937,GO-20241954816,B&E,2024-09-02 05:00:00,2024,September,Monday,2,246,12,9/6/2024 5:00:00 AM,2024,September,Friday,6,250,13,D55,"Private Property Structure (Pool, Shed, Detached Garage)",Other,TREK,CROSS RIP 1,TO,18.0,SIL,1700.0,STOLEN,067,Playter Estates-Danforth (67),067,Playter Estates-Danforth (67),-79.3547262957657,43.6815661648695,-8833727.72331031,5416295.32988849
36938,GO-20249047311,THEFT UNDER,2024-09-04 05:00:00,2024,September,Wednesday,4,248,0,9/6/2024 5:00:00 AM,2024,September,Friday,6,250,12,D55,"Apartment (Rooming House, Condo)",Apartment,RA,,RG,10.0,,50.0,STOLEN,063,The Beaches (63),063,The Beaches (63),-79.30483843472,43.6662874054584,-8828174.23202703,5413943.79196522
36939,GO-20241954816,B&E,2024-09-02 05:00:00,2024,September,Monday,2,246,12,9/6/2024 5:00:00 AM,2024,September,Friday,6,250,13,D55,"Private Property Structure (Pool, Shed, Detached Garage)",Other,TREK,FX3,RG,10.0,BLK,1500.0,STOLEN,067,Playter Estates-Danforth (67),067,Playter Estates-Danforth (67),-79.3547262957657,43.6815661648695,-8833727.72331031,5416295.32988849
36940,GO-20249047431,THEFT UNDER - BICYCLE,2024-09-07 05:00:00,2024,September,Saturday,7,251,10,9/7/2024 5:00:00 AM,2024,September,Saturday,7,251,10,D14,"Hospital / Institutions / Medical Facilities (Clinic, Dentist, Morgue)",Other,UK,BIKESHARE TORON,RG,,,250.0,STOLEN,079,University (79),079,University (79),-79.4071651337457,43.6584088003112,-8839565.18805426,5412731.43803128
36941,GO-20241960123,THEFT UNDER - BICYCLE,2024-09-07 05:00:00,2024,September,Saturday,7,251,2,9/7/2024 5:00:00 AM,2024,September,Saturday,7,251,10,D14,"Streets, Roads, Highways (Bicycle Path, Private Road)",Outside,UNKNOWN MAKE,,OT,5.0,BLKONG,,STOLEN,078,Kensington-Chinatown (78),078,Kensington-Chinatown (78),-79.4022536332544,43.65202349237,-8839018.44226391,5411748.98824354
36942,GO-20241965405,THEFT UNDER - BICYCLE,2024-09-07 05:00:00,2024,September,Saturday,7,251,19,9/7/2024 5:00:00 AM,2024,September,Saturday,7,251,20,D13,"Single Home, House (Attach Garage, Cottage, Mobile)",House,OTHER,,MT,0.0,BLU,1300.0,STOLEN,108,Briar Hill-Belgravia (108),108,Briar Hill-Belgravia (108),-79.459670585384,43.6935992721313,-8845410.06812345,5418147.75434081
36943,GO-20249047610,THEFT UNDER - BICYCLE,2024-09-04 05:00:00,2024,September,Wednesday,4,248,9,9/7/2024 5:00:00 AM,2024,September,Saturday,7,251,21,D13,Ttc Subway Station,Transit,OT,CHEROKEE,MT,21.0,RED,500.0,STOLEN,031,Yorkdale-Glen Park (31),031,Yorkdale-Glen Park (31),-79.4405489702754,43.709687957923,-8843281.45967851,5420625.09160142
36944,GO-20249047608,THEFT UNDER - BICYCLE,2024-09-07 05:00:00,2024,September,Saturday,7,251,20,9/7/2024 5:00:00 AM,2024,September,Saturday,7,251,21,D11,Pharmacy,Other,GI,GIANT,OT,,RED,1000.0,STOLEN,171,Junction-Wallace Emerson (171),093,Dovercourt-Wallace Emerson-Junction (93),-79.446938217686,43.6574653119252,-8843992.70751242,5412586.26545911
36945,GO-20241963807,THEFT UNDER - BICYCLE,2024-09-07 05:00:00,2024,September,Saturday,7,251,15,9/7/2024 5:00:00 AM,2024,September,Saturday,7,251,16,D53,"Streets, Roads, Highways (Bicycle Path, Private Road)",Outside,OTHER,POWER BIKE,EL,21.0,BLKWHI,650.0,STOLEN,174,South Eglinton-Davisville (174),104,Mount Pleasant West (104),-79.3983132447477,43.7067408049577,-8838579.80027822,5420171.23898739
36946,GO-20241961826,THEFT UNDER - BICYCLE,2024-09-05 05:00:00,2024,September,Thursday,5,249,18,9/7/2024 5:00:00 AM,2024,September,Saturday,7,251,10,D32,"Apartment (Rooming House, Condo)",Apartment,SCHWINN,GTX2,RG,0.0,BLKYEL,600.0,STOLEN,033,Clanton Park (33),033,Clanton Park (33),-79.4464344769017,43.7347475495103,-8843936.63132081,5424485.09468113
36947,GO-20249047617,THEFT UNDER,2024-09-07 05:00:00,2024,September,Saturday,7,251,23,9/7/2024 5:00:00 AM,2024,September,Saturday,7,251,23,D52,Unknown,Other,UK,,UN,3.0,,0.0,STOLEN,164,Wellington Place (164),077,Waterfront Communities-The Island (77),-79.3932779373831,43.6484030875067,-8838019.27235567,5411191.99571463
36948,GO-20249047608,THEFT UNDER - BICYCLE,2024-09-07 05:00:00,2024,September,Saturday,7,251,20,9/7/2024 5:00:00 AM,2024,September,Saturday,7,251,21,D11,Pharmacy,Other,GI,GIANT,OT,,,1000.0,STOLEN,171,Junction-Wallace Emerson (171),093,Dovercourt-Wallace Emerson-Junction (93),-79.446938217686,43.6574653119252,-8843992.70751242,5412586.26545911
36949,GO-20249047526,THEFT UNDER,2024-09-06 05:00:00,2024,September,Friday,6,250,9,9/7/2024 5:00:00 AM,2024,September,Saturday,7,251,12,D52,"Streets, Roads, Highways (Bicycle Path, Private Road)",Outside,OT,G30LP,SC,3.0,GRY,600.0,STOLEN,170,Yonge-Bay Corridor (170),076,Bay Street Corridor (76),-79.3893446431875,43.6575806966845,-8837581.42007046,5412604.01939105
36950,GO-20249047514,THEFT UNDER - BICYCLE,2024-09-01 05:00:00,2024,September,Sunday,1,245,15,9/7/2024 5:00:00 AM,2024,September,Saturday,7,251,12,D55,"Open Areas (Lakes, Parks, Rivers)",Outside,TR,,TO,,,4999.0,STOLEN,070,South Riverdale (70),070,South Riverdale (70),-79.3096981264304,43.6633658920757,-8828715.21035456,5413494.21313654
36951,GO-20249047462,THEFT UNDER - BICYCLE,2024-09-07 05:00:00,2024,September,Saturday,7,251,14,9/7/2024 5:00:00 AM,2024,September,Saturday,7,251,15,D42,"Other Non Commercial / Corporate Places (Non-Profit, Gov'T, Firehall)",Other,GI,GIANT REVOLT 0,OT,,GRY,2500.0,STOLEN,118,Tam O'Shanter-Sullivan (118),118,Tam O'Shanter-Sullivan (118),-79.2894628955425,43.7857641505343,-8826462.63485488,5432348.32744877
36952,GO-20249047435,THEFT UNDER - BICYCLE,2024-09-07 05:00:00,2024,September,Saturday,7,251,11,9/7/2024 5:00:00 AM,2024,September,Saturday,7,251,11,D51,"Other Commercial / Corporate Places (For Profit, Warehouse, Corp. Bldg",Commercial,UK,,EL,,,2000.0,STOLEN,073,Moss Park (73),073,Moss Park (73),-79.3706800513435,43.6507312898349,-8835503.68719315,5411550.18147776
36953,GO-20249047411,EXTORTION,2024-09-06 05:00:00,2024,September,Friday,6,250,10,9/7/2024 5:00:00 AM,2024,September,Saturday,7,251,8,D31,Schools During Supervised Activity,Educational,OT,F30,SC,25.0,BLK,1000.0,STOLEN,155,Downsview (155),026,Downsview-Roding-CFB (26),-79.4820552435191,43.72666614742,-8847901.91696492,5423240.11587439
36954,GO-20249047412,THEFT UNDER,2024-09-05 05:00:00,2024,September,Thursday,5,249,15,9/7/2024 5:00:00 AM,2024,September,Saturday,7,251,7,D42,Schools During Un-Supervised Activity,Educational,SU,NITROUS DUAL,RG,21.0,GRN,310.0,STOLEN,116,Steeles (116),116,Steeles (116),-79.3297058063297,43.8062951261385,-8830942.45510411,5435514.67794453
36955,GO-20249047760,THEFT UNDER - BICYCLE,2024-09-04 05:00:00,2024,September,Wednesday,4,248,19,9/8/2024 5:00:00 AM,2024,September,Sunday,8,252,21,D23,"Other Commercial / Corporate Places (For Profit, Warehouse, Corp. Bldg",Commercial,UK,MOUNTAIN BIKE,MT,,BLU,500.0,STOLEN,005,Elms-Old Rexdale (5),005,Elms-Old Rexdale (5),-79.5524227212373,43.7141575180548,-8855735.18867296,5421313.43285949
36957,GO-20249047733,THEFT UNDER - BICYCLE,2024-09-04 05:00:00,2024,September,Wednesday,4,248,19,9/8/2024 5:00:00 AM,2024,September,Sunday,8,252,19,D14,"Apartment (Rooming House, Condo)",Apartment,UK,METALIST,OT,21.0,,250.0,STOLEN,163,Fort York-Liberty Village (163),082,Niagara (82),-79.4159202280253,43.6390320808348,-8840539.80066019,5409750.43933339
36958,GO-20249047742,THEFT UNDER - BICYCLE,2024-09-08 05:00:00,2024,September,Sunday,8,252,20,9/8/2024 5:00:00 AM,2024,September,Sunday,8,252,20,D43,"Apartment (Rooming House, Condo)",Apartment,UK,SUPERCYLCE 1800,RG,,RED,200.0,STOLEN,136,West Hill (136),136,West Hill (136),-79.1670594157578,43.7683694045051,-8812836.74178995,5429666.50680608
36959,GO-20249047747,THEFT UNDER - BICYCLE,2024-09-07 05:00:00,2024,September,Saturday,7,251,12,9/8/2024 5:00:00 AM,2024,September,Sunday,8,252,19,D51,Pharmacy,Other,OT,,TO,,GRY,150.0,STOLEN,168,Downtown Yonge East (168),075,Church-Yonge Corridor (75),-79.3726901505519,43.6523765914803,-8835727.4505016,5411803.31367544
36960,GO-20241981040,THEFT OF EBIKE UNDER $5000,2024-09-08 05:00:00,2024,September,Sunday,8,252,19,9/9/2024 5:00:00 AM,2024,September,Monday,9,253,21,D52,"Streets, Roads, Highways (Bicycle Path, Private Road)",Outside,OTHER,350,EL,10.0,,2400.0,STOLEN,165,Harbourfront-CityPlace (165),077,Waterfront Communities-The Island (77),-79.3827790420346,43.6426342817379,-8836850.54071039,5410304.54483333
36961,GO-20249048007,THEFT UNDER - BICYCLE,2024-09-09 05:00:00,2024,September,Monday,9,253,19,9/9/2024 5:00:00 AM,2024,September,Monday,9,253,20,D13,"Apartment (Rooming House, Condo)",Apartment,GF,GARY FISHER ROA,RG,24.0,SIL,400.0,STOLEN,101,Forest Hill South (101),101,Forest Hill South (101),-79.4198520143959,43.7022155790876,-8840977.48507562,5419474.41135605
36962,GO-20249047807,THEFT UNDER - BICYCLE,2024-09-08 05:00:00,2024,September,Sunday,8,252,13,9/9/2024 5:00:00 AM,2024,September,Monday,9,253,11,D53,Pharmacy,Other,MI,SILHOUETTE,RG,,,500.0,STOLEN,095,Annex (95),095,Annex (95),-79.3874560494856,43.6719289119,-8837371.18274806,5414812.00067297
36963,GO-20249048007,THEFT UNDER - BICYCLE,2024-09-09 05:00:00,2024,September,Monday,9,253,19,9/9/2024 5:00:00 AM,2024,September,Monday,9,253,20,D13,"Apartment (Rooming House, Condo)",Apartment,OT,FAIRDALE LOOKFA,RG,8.0,LGR,500.0,STOLEN,101,Forest Hill South (101),101,Forest Hill South (101),-79.4198520143959,43.7022155790876,-8840977.48507562,5419474.41135605
36964,GO-20249047944,THEFT UNDER - BICYCLE,2024-09-09 05:00:00,2024,September,Monday,9,253,16,9/9/2024 5:00:00 AM,2024,September,Monday,9,253,17,D14,Pharmacy,Other,UK,TORONTO BIKE SH,RG,,BLK,0.0,STOLEN,080,Palmerston-Little Italy (80),080,Palmerston-Little Italy (80),-79.4138633292948,43.6552104989354,-8840310.8277109,5412239.3312262
36965,GO-20249048034,THEFT UNDER - BICYCLE,2024-09-06 05:00:00,2024,September,Friday,6,250,19,9/10/2024 5:00:00 AM,2024,September,Tuesday,10,254,11,D43,Go Station,Transit,NO,NORCO XFR2,MT,,GRY,900.0,STOLEN,143,West Rouge (143),131,Rouge (131),-79.1301070486972,43.7810381713185,-8808723.2231119,5431619.62618179
36966,GO-20249048206,THEFT UNDER,2024-09-03 05:00:00,2024,September,Tuesday,3,247,13,9/10/2024 5:00:00 AM,2024,September,Tuesday,10,254,21,D55,"Apartment (Rooming House, Condo)",Apartment,TR,ROCOE 6,MT,9.0,PLE,1600.0,STOLEN,070,South Riverdale (70),070,South Riverdale (70),-79.3405895843192,43.6622735216002,-8832154.03172898,5413326.1187255
36967,GO-20249048087,THEFT UNDER - BICYCLE,2024-09-09 05:00:00,2024,September,Monday,9,253,21,9/10/2024 5:00:00 AM,2024,September,Tuesday,10,254,14,D43,"Single Home, House (Attach Garage, Cottage, Mobile)",House,OT,ROCKRIDER ST100,MT,,GRN,400.0,STOLEN,134,Highland Creek (134),134,Highland Creek (134),-79.1740529155176,43.7820888868434,-8813615.25464881,5431781.63163792
36968,GO-20249048224,THEFT UNDER - BICYCLE,2024-09-10 05:00:00,2024,September,Tuesday,10,254,17,9/10/2024 5:00:00 AM,2024,September,Tuesday,10,254,18,D52,"Other Commercial / Corporate Places (For Profit, Warehouse, Corp. Bldg",Commercial,OT,C350,EL,32.0,WHI,814.0,STOLEN,169,Bay-Cloverhill (169),076,Bay Street Corridor (76),-79.3841370470296,43.6638992030029,-8837001.71313548,5413576.28039602
36969,GO-20249048139,THEFT UNDER - BICYCLE,2024-09-10 05:00:00,2024,September,Tuesday,10,254,12,9/10/2024 5:00:00 AM,2024,September,Tuesday,10,254,17,D53,Pharmacy,Other,OT,CITIZEN 1,RG,24.0,SIL,819.0,STOLEN,098,Rosedale-Moore Park (98),098,Rosedale-Moore Park (98),-79.3874560494856,43.6719289119,-8837371.18274806,5414812.00067297
36970,GO-20241975041,THEFT UNDER,2024-09-08 05:00:00,2024,September,Sunday,8,252,23,9/10/2024 5:00:00 AM,2024,September,Tuesday,10,254,10,D14,"Single Home, House (Attach Garage, Cottage, Mobile)",House,UNKNOWN,,MT,1.0,BLK,500.0,STOLEN,080,Palmerston-Little Italy (80),080,Palmerston-Little Italy (80),-79.4280419250316,43.6614764099276,-8841889.18179778,5413203.46068502
36971,GO-20249047909,THEFT UNDER - BICYCLE,2024-09-09 05:00:00,2024,September,Monday,9,253,11,9/10/2024 5:00:00 AM,2024,September,Tuesday,10,254,0,D52,Go Station,Transit,KO,KONA'S LINEUP,MT,,BLK,999.0,STOLEN,166,St Lawrence-East Bayfront-The Islands ,077,Waterfront Communities-The Island (77),-79.3790877444954,43.6459171850208,-8836439.62729666,5410809.56352826
36973,GO-20249048385,THEFT UNDER - BICYCLE,2024-09-10 05:00:00,2024,September,Tuesday,10,254,20,9/11/2024 5:00:00 AM,2024,September,Wednesday,11,255,12,D12,"Apartment (Rooming House, Condo)",Apartment,GI,GENESIS,MT,1.0,GRY,0.0,STOLEN,113,Weston (113),113,Weston (113),-79.5165855480493,43.7028337583073,-8851745.81282313,5419569.60000989
36975,GO-20249048411,THEFT UNDER - BICYCLE,2024-09-11 05:00:00,2024,September,Wednesday,11,255,19,9/11/2024 5:00:00 AM,2024,September,Wednesday,11,255,23,D23,Bar / Restaurant,Commercial,OT,,EL,7.0,OTH,1200.0,STOLEN,005,Elms-Old Rexdale (5),005,Elms-Old Rexdale (5),-79.5543859346039,43.7176556523205,-8855953.73265576,5421852.20402171
36976,GO-20249048384,THEFT UNDER - BICYCLE,2024-09-11 05:00:00,2024,September,Wednesday,11,255,19,9/11/2024 5:00:00 AM,2024,September,Wednesday,11,255,20,D51,Convenience Stores,Commercial,OT,BIKESHARE TORON,RG,,,1200.0,STOLEN,073,Moss Park (73),073,Moss Park (73),-79.3666616540012,43.6506676897713,-8835056.36128531,5411540.39665495
36978,GO-20249048462,THEFT UNDER - BICYCLE,2024-09-03 05:00:00,2024,September,Tuesday,3,247,1,9/11/2024 5:00:00 AM,2024,September,Wednesday,11,255,16,D51,"Apartment (Rooming House, Condo)",Apartment,UK,TRICYCLE,TR,25.0,BLK,4600.0,STOLEN,166,St Lawrence-East Bayfront-The Islands ,077,Waterfront Communities-The Island (77),-79.3639222556057,43.6449622840659,-8834751.41289487,5410662.66543197
36979,GO-20249048381,THEFT UNDER - BICYCLE,2024-09-06 05:00:00,2024,September,Friday,6,250,22,9/11/2024 5:00:00 AM,2024,September,Wednesday,11,255,20,D55,"Parking Lots (Apt., Commercial Or Non-Commercial)",Outside,NO,NORCO FLUID,MT,11.0,GRN,1200.0,STOLEN,058,Old East York (58),058,Old East York (58),-79.3488165151935,43.6894121992519,-8833069.84949869,5417503.13747648
36980,GO-20241996541,THEFT UNDER,2024-09-03 05:00:00,2024,September,Tuesday,3,247,8,9/11/2024 5:00:00 AM,2024,September,Wednesday,11,255,18,D32,"Apartment (Rooming House, Condo)",Apartment,OTHER,4241336-L,RG,24.0,GRY,1000.0,STOLEN,033,Clanton Park (33),033,Clanton Park (33),-79.4471858751687,43.7345415489852,-8844020.27656355,5424453.3571546
36981,GO-20241996327,B&E,2024-09-11 05:00:00,2024,September,Wednesday,11,255,14,9/11/2024 5:00:00 AM,2024,September,Wednesday,11,255,18,D11,"Single Home, House (Attach Garage, Cottage, Mobile)",House,OTHER,360 STEP THRU,EL,0.0,BLK,3000.0,STOLEN,086,Roncesvalles (86),086,Roncesvalles (86),-79.4421765192733,43.6429546933397,-8843462.63760443,5410353.83339143
36982,GO-20249048684,THEFT UNDER,2024-09-12 05:00:00,2024,September,Thursday,12,256,17,9/12/2024 5:00:00 AM,2024,September,Thursday,12,256,17,D52,"Parking Lots (Apt., Commercial Or Non-Commercial)",Outside,UK,S2 PRO,SC,1.0,BLK,550.0,STOLEN,170,Yonge-Bay Corridor (170),076,Bay Street Corridor (76),-79.380271843706,43.6486436877473,-8836571.4407057,5411229.01054279
36983,GO-20249048644,THEFT UNDER,2024-09-07 05:00:00,2024,September,Saturday,7,251,18,9/12/2024 5:00:00 AM,2024,September,Thursday,12,256,14,D52,"Streets, Roads, Highways (Bicycle Path, Private Road)",Outside,OT,ALLEGRO2.0,TO,21.0,BLK,400.0,STOLEN,170,Yonge-Bay Corridor (170),076,Bay Street Corridor (76),-79.380271843706,43.6486436877473,-8836571.4407057,5411229.01054279
36985,GO-20249048716,THEFT UNDER,2024-09-12 05:00:00,2024,September,Thursday,12,256,19,9/12/2024 5:00:00 AM,2024,September,Thursday,12,256,22,D51,Bar / Restaurant,Commercial,UK,NINEBOT ES2,EL,28.0,BLK,600.0,STOLEN,167,Church-Wellesley (167),075,Church-Yonge Corridor (75),-79.3867607489655,43.6702328098251,-8837293.78230611,5414550.96777431
36986,GO-20249048546,THEFT UNDER - BICYCLE,2024-09-12 05:00:00,2024,September,Thursday,12,256,8,9/12/2024 5:00:00 AM,2024,September,Thursday,12,256,9,D22,"Apartment (Rooming House, Condo)",Apartment,RA,,MT,10.0,BLU,900.0,STOLEN,161,Humber Bay Shores (161),017,Mimico (includes Humber Bay Shores) (17),-79.4812002159571,43.622964889692,-8847806.73568334,5407279.32180897
36987,GO-20249048418,THEFT UNDER - BICYCLE,2024-09-11 05:00:00,2024,September,Wednesday,11,255,16,9/12/2024 5:00:00 AM,2024,September,Thursday,12,256,0,D52,Universities / Colleges,Educational,OT,FREESKY WARRIOR,EL,32.0,DBL,3000.0,STOLEN,170,Yonge-Bay Corridor (170),076,Bay Street Corridor (76),-79.3837284444395,43.6557204948242,-8836956.22765758,5412317.80003956
36988,GO-20242004909,THEFT OF EBIKE UNDER $5000,2024-09-12 05:00:00,2024,September,Thursday,12,256,13,9/12/2024 5:00:00 AM,2024,September,Thursday,12,256,19,D52,"Streets, Roads, Highways (Bicycle Path, Private Road)",Outside,NAVEE,NAVEE V25 PRO,EL,25.0,GRY,678.0,STOLEN,170,Yonge-Bay Corridor (170),076,Bay Street Corridor (76),-79.3809129463861,43.6563247954285,-8836642.80785389,5412410.7794823
36989,GO-20249048708,THEFT UNDER - BICYCLE,2024-09-12 05:00:00,2024,September,Thursday,12,256,20,9/12/2024 5:00:00 AM,2024,September,Thursday,12,256,20,D52,"Streets, Roads, Highways (Bicycle Path, Private Road)",Outside,UK,,OT,,,0.0,STOLEN,166,St Lawrence-East Bayfront-The Islands ,077,Waterfront Communities-The Island (77),-79.3806785434349,43.6409998798805,-8836616.7142313,5410053.13022092
36990,GO-20249048556,THEFT UNDER - BICYCLE,2024-09-12 05:00:00,2024,September,Thursday,12,256,7,9/12/2024 5:00:00 AM,2024,September,Thursday,12,256,7,D14,"Apartment (Rooming House, Condo)",Apartment,OT,,RG,,BLU,300.0,STOLEN,084,Little Portugal (84),084,Little Portugal (84),-79.4247786250725,43.6429952875927,-8841525.91290348,5410360.07810534
36991,GO-20249048698,THEFT UNDER - BICYCLE,2024-09-12 05:00:00,2024,September,Thursday,12,256,9,9/12/2024 5:00:00 AM,2024,September,Thursday,12,256,18,D14,Schools During Supervised Activity,Educational,OT,,MT,,BLK,600.0,STOLEN,081,Trinity-Bellwoods (81),081,Trinity-Bellwoods (81),-79.4046775317727,43.6489637896268,-8839288.26946632,5411278.25649386
36992,GO-20249048727,THEFT UNDER - BICYCLE,2024-09-10 05:00:00,2024,September,Tuesday,10,254,18,9/13/2024 5:00:00 AM,2024,September,Friday,13,257,1,D51,Pharmacy,Other,OT,SOLOROCK DASH,FO,7.0,BLK,500.0,STOLEN,071,Cabbagetown-South St.James Town (71),071,Cabbagetown-South St.James Town (71),-79.3680433576789,43.6644642035679,-8835210.17187101,5413663.22498903
36993,GO-20249048871,THEFT UNDER - BICYCLE,2024-09-12 05:00:00,2024,September,Thursday,12,256,9,9/13/2024 5:00:00 AM,2024,September,Friday,13,257,15,D51,Universities / Colleges,Educational,SU,SUPER CYCLE CC1,RG,21.0,BLU,100.0,STOLEN,073,Moss Park (73),073,Moss Park (73),-79.3694577522456,43.6509929900966,-8835367.62149088,5411590.44397871
36994,GO-20249048673,THEFT UNDER,2024-09-12 05:00:00,2024,September,Thursday,12,256,19,9/13/2024 5:00:00 AM,2024,September,Friday,13,257,0,D42,"Private Property Structure (Pool, Shed, Detached Garage)",Other,MO,,BM,1.0,,1000.0,STOLEN,116,Steeles (116),116,Steeles (116),-79.3267034057202,43.8110947359517,-8830608.22946496,5436255.04557976
36995,GO-20249048682,THEFT UNDER - BICYCLE,2024-09-12 05:00:00,2024,September,Thursday,12,256,17,9/13/2024 5:00:00 AM,2024,September,Friday,13,257,2,D52,Pharmacy,Other,OT,JETSON BOLT PRO,EL,,BLK,350.0,STOLEN,170,Yonge-Bay Corridor (170),076,Bay Street Corridor (76),-79.3871014430776,43.6550077941115,-8837331.70818871,5412208.14289055
36996,GO-20249048810,THEFT UNDER,2024-09-13 05:00:00,2024,September,Friday,13,257,12,9/13/2024 5:00:00 AM,2024,September,Friday,13,257,14,D43,"Other Commercial / Corporate Places (For Profit, Warehouse, Corp. Bldg",Commercial,OT,POWER CORE E90,EL,16.0,BLK,299.989990234375,STOLEN,141,Golfdale-Cedarbrae-Woburn (141),137,Woburn (137),-79.2293513351345,43.7569141949464,-8819771.04649357,5427900.83513975
36997,GO-20249048909,THEFT UNDER - BICYCLE,2024-09-12 05:00:00,2024,September,Thursday,12,256,9,9/13/2024 5:00:00 AM,2024,September,Friday,13,257,21,D52,Pharmacy,Other,CA,CAAD 12,RC,12.0,GRY,1500.0,STOLEN,170,Yonge-Bay Corridor (170),076,Bay Street Corridor (76),-79.3785251448705,43.6483861874898,-8836376.99906246,5411189.39560545
36998,GO-20249048801,THEFT UNDER - BICYCLE,2024-09-13 05:00:00,2024,September,Friday,13,257,11,9/13/2024 5:00:00 AM,2024,September,Friday,13,257,13,D51,Convenience Stores,Commercial,UK,BIKE SHARE,RG,,,1200.0,STOLEN,168,Downtown Yonge East (168),075,Church-Yonge Corridor (75),-79.3765288494112,43.6566318957356,-8836154.77240826,5412458.03133824
36999,GO-20249048870,THEFT UNDER - BICYCLE,2024-09-11 05:00:00,2024,September,Wednesday,11,255,19,9/13/2024 5:00:00 AM,2024,September,Friday,13,257,17,D51,Pharmacy,Other,OT,GARNEAU GARIBAL,TO,24.0,BLK,1500.0,STOLEN,071,Cabbagetown-South St.James Town (71),071,Cabbagetown-South St.James Town (71),-79.3755079531152,43.665702304806,-8836041.12678539,5413853.75173889
37000,GO-20242010247,THEFT UNDER - BICYCLE,2024-09-11 05:00:00,2024,September,Wednesday,11,255,12,9/13/2024 5:00:00 AM,2024,September,Friday,13,257,13,D14,"Other Commercial / Corporate Places (For Profit, Warehouse, Corp. Bldg",Commercial,UNKNOWN,UNKNOWN,TR,1.0,BLU,200.0,STOLEN,095,Annex (95),095,Annex (95),-79.4203365330285,43.6718580187085,-8841031.42148398,5414801.08997548
37001,GO-20242008335,PROPERTY - FOUND,2024-09-13 05:00:00,2024,September,Friday,13,257,8,9/13/2024 5:00:00 AM,2024,September,Friday,13,257,9,D42,"Single Home, House (Attach Garage, Cottage, Mobile)",House,SCHWINN,KOEN,BM,0.0,BLK,450.0,RECOVERED,116,Steeles (116),116,Steeles (116),-79.3297058063297,43.8062951261385,-8830942.45510411,5435514.67794453
37002,GO-20249048830,THEFT UNDER - BICYCLE,2024-09-12 05:00:00,2024,September,Thursday,12,256,19,9/13/2024 5:00:00 AM,2024,September,Friday,13,257,14,D52,"Other Non Commercial / Corporate Places (Non-Profit, Gov'T, Firehall)",Other,UK,BMC,RG,21.0,ONG,3000.0,STOLEN,078,Kensington-Chinatown (78),078,Kensington-Chinatown (78),-79.3938323387142,43.6538145932486,-8838080.98810401,5412024.55826876
37003,GO-20249048820,THEFT UNDER - BICYCLE,2024-09-13 05:00:00,2024,September,Friday,13,257,11,9/13/2024 5:00:00 AM,2024,September,Friday,13,257,14,D53,"Apartment (Rooming House, Condo)",Apartment,GF,ZEBRANO,RG,,GRY,250.0,STOLEN,174,South Eglinton-Davisville (174),104,Mount Pleasant West (104),-79.3978033480858,43.7041635125914,-8838523.03880383,5419774.36213349
37004,GO-20249048918,THEFT UNDER,2024-09-13 05:00:00,2024,September,Friday,13,257,20,9/13/2024 5:00:00 AM,2024,September,Friday,13,257,21,D14,"Other Commercial / Corporate Places (For Profit, Warehouse, Corp. Bldg",Commercial,UK,NON ELECTRIC,TO,3.0,BLK,1000.0,STOLEN,095,Annex (95),095,Annex (95),-79.4203365330285,43.6718580187085,-8841031.42148398,5414801.08997548
37005,GO-20249048728,THEFT UNDER - BICYCLE,2024-09-13 05:00:00,2024,September,Friday,13,257,4,9/13/2024 5:00:00 AM,2024,September,Friday,13,257,6,D52,Bar / Restaurant,Commercial,UK,BIKE SHARE,MT,,BLK,500.0,STOLEN,169,Bay-Cloverhill (169),076,Bay Street Corridor (76),-79.3841370470296,43.6638992030029,-8837001.71313548,5413576.28039602
37006,GO-20249048837,THEFT UNDER,2024-09-12 05:00:00,2024,September,Thursday,12,256,8,9/13/2024 5:00:00 AM,2024,September,Friday,13,257,17,D42,"Single Home, House (Attach Garage, Cottage, Mobile)",House,SC,KOEN,BM,1.0,BLK,390.369995117188,STOLEN,116,Steeles (116),116,Steeles (116),-79.3303154142266,43.8082853348724,-8831010.31635626,5435821.6719874
37007,GO-20242007605,THEFT OF MOTOR VEHICLE,2024-09-12 05:00:00,2024,September,Thursday,12,256,22,9/13/2024 5:00:00 AM,2024,September,Friday,13,257,7,D53,"Parking Lots (Apt., Commercial Or Non-Commercial)",Outside,UNKNOWN MAKE,RMZ250,OT,0.0,BLKYEL,4000.0,STOLEN,100,Yonge-Eglinton (100),100,Yonge-Eglinton (100),-79.4010237382447,43.7091678947211,-8838881.53097878,5420545.00185689
37008,GO-20249049091,THEFT UNDER - BICYCLE,2024-09-14 05:00:00,2024,September,Saturday,14,258,13,9/14/2024 5:00:00 AM,2024,September,Saturday,14,258,22,D14,Pharmacy,Other,UK,,RG,,SIL,450.0,STOLEN,078,Kensington-Chinatown (78),078,Kensington-Chinatown (78),-79.3981545346503,43.6502671894395,-8838562.13276184,5411478.78004844
37009,GO-20242019367,THEFT UNDER,2024-09-13 05:00:00,2024,September,Friday,13,257,23,9/14/2024 5:00:00 AM,2024,September,Saturday,14,258,17,D52,"Open Areas (Lakes, Parks, Rivers)",Outside,CANNONDALE,,RC,10.0,BLKRED,,STOLEN,170,Yonge-Bay Corridor (170),076,Bay Street Corridor (76),-79.386095940456,43.6473934864971,-8837219.77610676,5411036.67628143
37010,GO-20242019939,THEFT UNDER,2024-09-14 05:00:00,2024,September,Saturday,14,258,1,9/14/2024 5:00:00 AM,2024,September,Saturday,14,258,18,D55,"Private Property Structure (Pool, Shed, Detached Garage)",Other,GIANT,FCR3,RG,8.0,BLKGRY,,STOLEN,066,Danforth (66),066,Danforth (66),-79.3165804416245,43.6883758191133,-8829481.34626716,5417343.58952142
37011,GO-20249049048,THEFT UNDER - BICYCLE,2024-09-08 05:00:00,2024,September,Sunday,8,252,17,9/14/2024 5:00:00 AM,2024,September,Saturday,14,258,0,D51,"Apartment (Rooming House, Condo)",Apartment,OT,NCM,OT,30.0,BLK,2700.0,STOLEN,074,North St.James Town (74),074,North St.James Town (74),-79.3728186571689,43.6692404087927,-8835741.75572408,5414398.23904235
37012,GO-20249048955,THEFT UNDER - BICYCLE,2024-09-14 05:00:00,2024,September,Saturday,14,258,9,9/14/2024 5:00:00 AM,2024,September,Saturday,14,258,9,D14,"Apartment (Rooming House, Condo)",Apartment,DB,,MT,,GRY,350.0,STOLEN,163,Fort York-Liberty Village (163),082,Niagara (82),-79.403881732038,43.6375452773027,-8839199.68141555,5409521.74266027
37013,GO-20242019163,THEFT UNDER - BICYCLE,2024-09-14 05:00:00,2024,September,Saturday,14,258,13,9/14/2024 5:00:00 AM,2024,September,Saturday,14,258,16,D53,"Streets, Roads, Highways (Bicycle Path, Private Road)",Outside,OTHER,ICONIC,RG,3.0,BLKGRN,1200.0,STOLEN,098,Rosedale-Moore Park (98),098,Rosedale-Moore Park (98),-79.37905065457,43.6719104110141,-8836435.49856806,5414809.15329873
37014,GO-20249048986,THEFT UNDER - BICYCLE,2024-09-08 05:00:00,2024,September,Sunday,8,252,10,9/14/2024 5:00:00 AM,2024,September,Saturday,14,258,13,D13,"Apartment (Rooming House, Condo)",Apartment,OT,BMC ROADMACHINE,TO,,RED,4900.0,STOLEN,106,Humewood-Cedarvale (106),106,Humewood-Cedarvale (106),-79.4214279294499,43.6844371131536,-8841152.91513095,5416737.26131387
37016,GO-20249048986,THEFT UNDER - BICYCLE,2024-09-08 05:00:00,2024,September,Sunday,8,252,10,9/14/2024 5:00:00 AM,2024,September,Saturday,14,258,13,D13,"Apartment (Rooming House, Condo)",Apartment,CA,ADVENTURE 2,RG,,PNK,800.0,STOLEN,106,Humewood-Cedarvale (106),106,Humewood-Cedarvale (106),-79.4214279294499,43.6844371131536,-8841152.91513095,5416737.26131387
37017,GO-20249049059,THEFT UNDER - BICYCLE,2024-09-13 05:00:00,2024,September,Friday,13,257,1,9/14/2024 5:00:00 AM,2024,September,Saturday,14,258,18,D32,"Single Home, House (Attach Garage, Cottage, Mobile)",House,OT,SCOTT ASPECT,MT,12.0,GRY,700.0,STOLEN,036,Newtonbrook West (36),036,Newtonbrook West (36),-79.439572592577,43.7822018622459,-8843172.76988805,5431799.05094488
37018,GO-20249048978,THEFT UNDER - BICYCLE,2024-09-13 05:00:00,2024,September,Friday,13,257,14,9/14/2024 5:00:00 AM,2024,September,Saturday,14,258,12,D53,"Streets, Roads, Highways (Bicycle Path, Private Road)",Outside,SU,,MT,,BLU,100.0,STOLEN,098,Rosedale-Moore Park (98),098,Rosedale-Moore Park (98),-79.3867607489655,43.6702328098251,-8837293.78230611,5414550.96777431
37019,GO-20249049203,THEFT UNDER - BICYCLE,2024-09-15 05:00:00,2024,September,Sunday,15,259,8,9/15/2024 5:00:00 AM,2024,September,Sunday,15,259,18,D51,"Apartment (Rooming House, Condo)",Apartment,GI,,MT,21.0,GRY,780.0,STOLEN,167,Church-Wellesley (167),075,Church-Yonge Corridor (75),-79.3797337493324,43.662805301909,-8836511.54024431,5413407.94890076
37020,GO-20249049164,THEFT UNDER - BICYCLE,2024-09-13 05:00:00,2024,September,Friday,13,257,19,9/15/2024 5:00:00 AM,2024,September,Sunday,15,259,22,D11,"Apartment (Rooming House, Condo)",Apartment,KH,KHS URBAN SOUL,RG,,ONG,649.989990234375,STOLEN,171,Junction-Wallace Emerson (171),093,Dovercourt-Wallace Emerson-Junction (93),-79.4505443175638,43.6610440183119,-8844394.13672817,5413136.92572837
37021,GO-20249049112,THEFT UNDER - BICYCLE,2024-09-15 05:00:00,2024,September,Sunday,15,259,8,9/15/2024 5:00:00 AM,2024,September,Sunday,15,259,11,D51,Schools During Supervised Activity,Educational,GI,"GIANT, TALON",MT,24.0,BLK,1000.0,STOLEN,166,St Lawrence-East Bayfront-The Islands ,077,Waterfront Communities-The Island (77),-79.365592853492,43.6451251842288,-8834937.38290223,5410687.72514197
37022,GO-20249049087,THEFT UNDER,2024-09-14 05:00:00,2024,September,Saturday,14,258,19,9/15/2024 5:00:00 AM,2024,September,Sunday,15,259,0,D14,"Streets, Roads, Highways (Bicycle Path, Private Road)",Outside,OT,NINEBOT F40,SC,1.0,BLK,800.0,STOLEN,078,Kensington-Chinatown (78),078,Kensington-Chinatown (78),-79.4017703340345,43.6538804945925,-8838964.64166533,5412034.69778439
37023,GO-20249049223,THEFT UNDER,2024-09-15 05:00:00,2024,September,Sunday,15,259,19,9/15/2024 5:00:00 AM,2024,September,Sunday,15,259,20,D51,Bar / Restaurant,Commercial,UK,,EL,30.0,,0.0,STOLEN,073,Moss Park (73),073,Moss Park (73),-79.3705345557729,43.6637285028322,-8835487.49076384,5413550.01256449
37024,GO-20249049176,THEFT UNDER - BICYCLE,2024-09-15 05:00:00,2024,September,Sunday,15,259,14,9/15/2024 5:00:00 AM,2024,September,Sunday,15,259,23,D14,Pharmacy,Other,TR,,RG,,BLK,1000.0,STOLEN,164,Wellington Place (164),077,Waterfront Communities-The Island (77),-79.3976305344321,43.6449446840483,-8838503.80123735,5410659.95794128
37025,GO-20249049118,THEFT UNDER - BICYCLE,2024-09-01 05:00:00,2024,September,Sunday,1,245,12,9/15/2024 5:00:00 AM,2024,September,Sunday,15,259,12,D55,"Other Commercial / Corporate Places (For Profit, Warehouse, Corp. Bldg",Commercial,OT,,RG,1.0,BLK,0.0,STOLEN,058,Old East York (58),058,Old East York (58),-79.3427250250273,43.6937370073512,-8832391.74793372,5418168.95996707
37026,GO-20249049220,THEFT UNDER - BICYCLE,2024-09-15 05:00:00,2024,September,Sunday,15,259,19,9/15/2024 5:00:00 AM,2024,September,Sunday,15,259,20,D11,"Other Commercial / Corporate Places (For Profit, Warehouse, Corp. Bldg",Commercial,UK,TANKX MTB 48V50,EL,45.0,WHI,1300.0,STOLEN,171,Junction-Wallace Emerson (171),093,Dovercourt-Wallace Emerson-Junction (93),-79.442302422009,43.6689814214509,-8843476.65306228,5414358.38166969
37027,GO-20249049212,THEFT UNDER - BICYCLE,2024-09-14 05:00:00,2024,September,Saturday,14,258,21,9/15/2024 5:00:00 AM,2024,September,Sunday,15,259,19,D53,"Apartment (Rooming House, Condo)",Apartment,UK,BTWIN 120,MT,,GRY,500.0,STOLEN,055,Thorncliffe Park (55),055,Thorncliffe Park (55),-79.3555716100122,43.7142433640987,-8833821.82323435,5421326.65420332
37028,GO-20249049144,THEFT UNDER - BICYCLE,2024-09-14 05:00:00,2024,September,Saturday,14,258,22,9/15/2024 5:00:00 AM,2024,September,Sunday,15,259,15,D55,"Single Home, House (Attach Garage, Cottage, Mobile)",House,FJ,,RG,1.0,DGR,350.0,STOLEN,068,North Riverdale (68),068,North Riverdale (68),-79.3479932824588,43.6689402275075,-8832978.20762033,5414352.04222289
37029,GO-20249049412,THEFT UNDER - BICYCLE,2024-09-15 05:00:00,2024,September,Sunday,15,259,21,9/16/2024 5:00:00 AM,2024,September,Monday,16,260,18,D14,"Apartment (Rooming House, Condo)",Apartment,GI,GIANT TALON,MT,,DGR,650.0,STOLEN,163,Fort York-Liberty Village (163),082,Niagara (82),-79.403881732038,43.6375452773027,-8839199.68141555,5409521.74266027
37030,GO-20249049267,THEFT UNDER,2024-09-14 05:00:00,2024,September,Saturday,14,258,13,9/16/2024 5:00:00 AM,2024,September,Monday,16,260,11,D52,"Streets, Roads, Highways (Bicycle Path, Private Road)",Outside,OT,,RG,16.0,BLK,120.0,STOLEN,170,Yonge-Bay Corridor (170),076,Bay Street Corridor (76),-79.3811978464282,43.6570208961247,-8836674.52277682,5412517.88486688
37031,GO-20249049424,THEFT UNDER - BICYCLE,2024-09-15 05:00:00,2024,September,Sunday,15,259,10,9/16/2024 5:00:00 AM,2024,September,Monday,16,260,19,D23,"Open Areas (Lakes, Parks, Rivers)",Outside,SC,BOY MOUNTAIN BI,MT,,GRY,0.0,STOLEN,002,Mount Olive-Silverstone-Jamestown (2),002,Mount Olive-Silverstone-Jamestown (2),-79.5821063701517,43.7432591737937,-8859039.55736453,5425796.53277133
37033,GO-20249049266,THEFT UNDER - BICYCLE,2024-09-13 05:00:00,2024,September,Friday,13,257,5,9/16/2024 5:00:00 AM,2024,September,Monday,16,260,11,D53,"Apartment (Rooming House, Condo)",Apartment,NO,STORM 1,MT,,RED,0.0,STOLEN,174,South Eglinton-Davisville (174),104,Mount Pleasant West (104),-79.3978033480858,43.7041635125914,-8838523.03880383,5419774.36213349
37034,GO-20249049459,THEFT UNDER - BICYCLE,2024-09-08 05:00:00,2024,September,Sunday,8,252,18,9/16/2024 5:00:00 AM,2024,September,Monday,16,260,22,D14,Nursing Home,Other,OT,SIRRUS 2.0,RG,,,959.369995117188,STOLEN,164,Wellington Place (164),077,Waterfront Communities-The Island (77),-79.4014119328613,43.6407477802702,-8838924.74464851,5410014.35112697
37035,GO-20249049394,THEFT UNDER - BICYCLE,2024-09-16 05:00:00,2024,September,Monday,16,260,16,9/16/2024 5:00:00 AM,2024,September,Monday,16,260,18,D52,"Parking Lots (Apt., Commercial Or Non-Commercial)",Outside,UK,NORMAL CYCLE,RG,,BLK,1000.0,STOLEN,164,Wellington Place (164),077,Waterfront Communities-The Island (77),-79.3900015387029,43.6472299863336,-8837654.54539868,5411011.52332081
37036,GO-20249049437,THEFT UNDER - BICYCLE,2024-09-16 05:00:00,2024,September,Monday,16,260,19,9/16/2024 5:00:00 AM,2024,September,Monday,16,260,20,D51,Pharmacy,Other,OT,,SC,,BLK,900.0,STOLEN,073,Moss Park (73),073,Moss Park (73),-79.3577565622707,43.6570897961935,-8834065.0509784,5412528.48621352
37037,GO-20249049266,THEFT UNDER - BICYCLE,2024-09-13 05:00:00,2024,September,Friday,13,257,5,9/16/2024 5:00:00 AM,2024,September,Monday,16,260,11,D53,"Apartment (Rooming House, Condo)",Apartment,NO,STORM 1,MT,,RED,0.0,STOLEN,174,South Eglinton-Davisville (174),104,Mount Pleasant West (104),-79.3978033480858,43.7041635125914,-8838523.03880383,5419774.36213349
37038,GO-20249049462,THEFT UNDER - BICYCLE,2024-09-14 05:00:00,2024,September,Saturday,14,258,10,9/16/2024 5:00:00 AM,2024,September,Monday,16,260,23,D52,Schools During Un-Supervised Activity,Educational,GI,GIANT FCR 4,TO,24.0,LGR,0.0,STOLEN,079,University (79),079,University (79),-79.3989709401601,43.6654293069678,-8838653.01455072,5413811.74075613
37039,GO-20249049430,THEFT UNDER - BICYCLE,2024-09-16 05:00:00,2024,September,Monday,16,260,19,9/16/2024 5:00:00 AM,2024,September,Monday,16,260,20,D51,Pharmacy,Other,UK,TORONTO BIKE SH,RG,,BLK,0.0,STOLEN,073,Moss Park (73),073,Moss Park (73),-79.3700991535413,43.6561628952666,-8835439.02203491,5412385.86896232
37040,GO-20249049449,THEFT UNDER,2024-09-07 05:00:00,2024,September,Saturday,7,251,1,9/16/2024 5:00:00 AM,2024,September,Monday,16,260,21,D53,"Apartment (Rooming House, Condo)",Apartment,NO,,MT,12.0,BLK,700.0,STOLEN,097,Yonge-St.Clair (97),097,Yonge-St.Clair (97),-79.4024038482783,43.6955055234144,-8839035.16412122,5418441.2443203
37041,GO-20242036456,THEFT OF EBIKE UNDER $5000,2024-09-15 05:00:00,2024,September,Sunday,15,259,12,9/16/2024 5:00:00 AM,2024,September,Monday,16,260,11,D52,"Streets, Roads, Highways (Bicycle Path, Private Road)",Outside,APOLLO,AIR,SC,0.0,,,STOLEN,170,Yonge-Bay Corridor (170),076,Bay Street Corridor (76),-79.3837284444395,43.6557204948242,-8836956.22765758,5412317.80003956
37042,GO-20249049429,THEFT UNDER - BICYCLE,2024-09-16 05:00:00,2024,September,Monday,16,260,5,9/16/2024 5:00:00 AM,2024,September,Monday,16,260,19,D14,"Single Home, House (Attach Garage, Cottage, Mobile)",House,FJ,FUJI 1.9,RG,,BLK,900.0,STOLEN,081,Trinity-Bellwoods (81),081,Trinity-Bellwoods (81),-79.4109032299982,43.651306694045,-8839981.31099752,5411638.7075175
37043,GO-20249049645,THEFT UNDER - BICYCLE,2024-09-11 05:00:00,2024,September,Wednesday,11,255,8,9/17/2024 5:00:00 AM,2024,September,Tuesday,17,261,16,D32,Pharmacy,Other,SU,NITROUS,BM,21.0,BLK,0.0,STOLEN,153,Avondale (153),051,Willowdale East (51),-79.4105688066926,43.7601104879473,-8839944.08319945,5428393.46813858
37044,GO-20249049717,THEFT UNDER,2024-09-12 05:00:00,2024,September,Thursday,12,256,12,9/17/2024 5:00:00 AM,2024,September,Tuesday,17,261,21,D55,Ttc Subway Station,Transit,UK,KQI3 PRO,SC,20.0,BLK,800.0,STOLEN,066,Danforth (66),066,Danforth (66),-79.3239564331137,43.6841623131323,-8830302.43782938,5416694.95982201
37045,GO-20249049667,THEFT UNDER - BICYCLE,2024-09-17 05:00:00,2024,September,Tuesday,17,261,12,9/17/2024 5:00:00 AM,2024,September,Tuesday,17,261,16,D32,Schools During Supervised Activity,Educational,UK,,MT,,BLK,200.0,STOLEN,037,Willowdale West (37),037,Willowdale West (37),-79.427171852071,43.7694726986761,-8841792.32571447,5429836.58308109
37046,GO-20249049507,THEFT UNDER,2024-09-16 05:00:00,2024,September,Monday,16,260,22,9/17/2024 5:00:00 AM,2024,September,Tuesday,17,261,10,D51,"Apartment (Rooming House, Condo)",Apartment,OT,EDR AF 105,RC,22.0,BLK,300.0,STOLEN,071,Cabbagetown-South St.James Town (71),071,Cabbagetown-South St.James Town (71),-79.3746654542882,43.6670941062091,-8835947.34022572,5414067.93550085
37047,GO-20249049696,THEFT UNDER,2024-09-17 05:00:00,2024,September,Tuesday,17,261,11,9/17/2024 5:00:00 AM,2024,September,Tuesday,17,261,18,D33,Schools During Un-Supervised Activity,Educational,UK,MAX G2,SC,35.0,BLK,1000.0,STOLEN,048,Hillcrest Village (48),048,Hillcrest Village (48),-79.3504293515346,43.7936257569354,-8833249.38969226,5433560.64012805
37048,GO-20242045264,THEFT UNDER - BICYCLE,2024-09-17 05:00:00,2024,September,Tuesday,17,261,19,9/17/2024 5:00:00 AM,2024,September,Tuesday,17,261,22,D52,"Other Commercial / Corporate Places (For Profit, Warehouse, Corp. Bldg",Commercial,UNKNOWN MAKE,,MT,3.0,BLK,300.0,STOLEN,169,Bay-Cloverhill (169),076,Bay Street Corridor (76),-79.3837790468618,43.6630379021417,-8836961.86075778,5413443.74155926
37049,GO-20249049603,THEFT UNDER - BICYCLE,2024-09-17 05:00:00,2024,September,Tuesday,17,261,11,9/17/2024 5:00:00 AM,2024,September,Tuesday,17,261,14,D11,"Parking Lots (Apt., Commercial Or Non-Commercial)",Outside,UK,,RG,8.0,BLU,849.0,STOLEN,083,Dufferin Grove (83),083,Dufferin Grove (83),-79.447739117419,43.6572940119637,-8844081.86318128,5412559.90812254
37050,GO-20249049929,THEFT UNDER - BICYCLE,2024-09-12 05:00:00,2024,September,Thursday,12,256,19,9/18/2024 5:00:00 AM,2024,September,Wednesday,18,262,19,D53,Nursing Home,Other,GT,AVALANCHE,MT,27.0,BLK,700.0,STOLEN,174,South Eglinton-Davisville (174),104,Mount Pleasant West (104),-79.3978033480858,43.7041635125914,-8838523.03880383,5419774.36213349
37052,GO-20249049875,THEFT OF EBIKE UNDER $5000,2024-09-17 05:00:00,2024,September,Tuesday,17,261,16,9/18/2024 5:00:00 AM,2024,September,Wednesday,18,262,19,D33,"Streets, Roads, Highways (Bicycle Path, Private Road)",Outside,OT,NINEBOT ES2,SC,25.0,SIL,600.0,STOLEN,119,Wexford/Maryvale (119),119,Wexford/Maryvale (119),-79.3043878644161,43.728905547643,-8828124.07469274,5423585.08949041
37053,GO-20249049831,THEFT UNDER,2024-09-12 05:00:00,2024,September,Thursday,12,256,14,9/18/2024 5:00:00 AM,2024,September,Wednesday,18,262,14,D14,"Streets, Roads, Highways (Bicycle Path, Private Road)",Outside,OT,RC100,RC,7.0,GRY,500.0,STOLEN,163,Fort York-Liberty Village (163),082,Niagara (82),-79.4108144297272,43.6392686805883,-8839971.42582674,5409786.83310746
37054,GO-20249049814,THEFT UNDER - BICYCLE,2024-09-09 05:00:00,2024,September,Monday,9,253,23,9/18/2024 5:00:00 AM,2024,September,Wednesday,18,262,14,D11,"Single Home, House (Attach Garage, Cottage, Mobile)",House,TR,TREK FX 2 DISC,RG,,BLK,1000.0,STOLEN,083,Dufferin Grove (83),083,Dufferin Grove (83),-79.4415666195613,43.6585899115494,-8843394.74395831,5412759.3056259
37055,GO-20249049918,THEFT UNDER,2024-09-16 05:00:00,2024,September,Monday,16,260,17,9/18/2024 5:00:00 AM,2024,September,Wednesday,18,262,18,D22,Convenience Stores,Commercial,OT,MAX G30LP,SC,30.0,GRY,599.989990234375,STOLEN,019,Long Branch (19),019,Long Branch (19),-79.5340026245982,43.5943794739216,-8853684.67296588,5402884.54623615
37056,GO-20249049896,THEFT UNDER - BICYCLE,2024-09-18 05:00:00,2024,September,Wednesday,18,262,9,9/18/2024 5:00:00 AM,2024,September,Wednesday,18,262,17,D51,Pharmacy,Other,OT,,MT,21.0,PLE,500.0,STOLEN,168,Downtown Yonge East (168),075,Church-Yonge Corridor (75),-79.3742757498698,43.6535016926053,-8835903.95857488,5411976.41641519
37057,GO-20249049889,THEFT UNDER - BICYCLE,2024-09-18 05:00:00,2024,September,Wednesday,18,262,9,9/18/2024 5:00:00 AM,2024,September,Wednesday,18,262,17,D52,"Other Commercial / Corporate Places (For Profit, Warehouse, Corp. Bldg",Commercial,UK,OPUS MODE 3,RG,,BLK,1000.0,STOLEN,164,Wellington Place (164),077,Waterfront Communities-The Island (77),-79.3881410394782,43.6469631860668,-8837447.43548606,5410970.47875899
37058,GO-20242051084,PROPERTY - FOUND,2024-09-18 05:00:00,2024,September,Wednesday,18,262,16,9/18/2024 5:00:00 AM,2024,September,Wednesday,18,262,16,D13,"Single Home, House (Attach Garage, Cottage, Mobile)",House,CCM,,RG,0.0,YELBLK,,UNKNOWN,171,Junction-Wallace Emerson (171),093,Dovercourt-Wallace Emerson-Junction (93),-79.4398668230918,43.6704326218419,-8843205.52342183,5414581.71878774
37059,GO-20242053717,THEFT UNDER,2024-09-18 05:00:00,2024,September,Wednesday,18,262,20,9/18/2024 5:00:00 AM,2024,September,Wednesday,18,262,23,D14,"Streets, Roads, Highways (Bicycle Path, Private Road)",Outside,NORCO,XFR,MT,26.0,BLK,1500.0,STOLEN,164,Wellington Place (164),077,Waterfront Communities-The Island (77),-79.3945394356641,43.6440134831171,-8838159.70178199,5410516.70804767
37060,GO-20242045709,THEFT UNDER - BICYCLE,2024-09-17 05:00:00,2024,September,Tuesday,17,261,20,9/18/2024 5:00:00 AM,2024,September,Wednesday,18,262,0,D52,"Streets, Roads, Highways (Bicycle Path, Private Road)",Outside,UNKNOWN MAKE,,OT,0.0,BLK,,STOLEN,169,Bay-Cloverhill (169),076,Bay Street Corridor (76),-79.3854400468752,43.6647392038429,-8837146.76243198,5413705.54337494
37061,GO-20249049809,THEFT UNDER - BICYCLE,2024-09-18 05:00:00,2024,September,Wednesday,18,262,11,9/18/2024 5:00:00 AM,2024,September,Wednesday,18,262,13,D51,"Apartment (Rooming House, Condo)",Apartment,IH,TORONTOBIKE,UN,,GRN,120.0,STOLEN,073,Moss Park (73),073,Moss Park (73),-79.3745305508885,43.657067296171,-8835932.32289245,5412525.02423396
37062,GO-20249050092,THEFT UNDER,2024-09-19 05:00:00,2024,September,Thursday,19,263,8,9/19/2024 5:00:00 AM,2024,September,Thursday,19,263,15,D43,Go Station,Transit,TR,,RG,24.0,TRQ,800.0,STOLEN,143,West Rouge (143),131,Rouge (131),-79.1301070486972,43.7810381713185,-8808723.2231119,5431619.62618179
37063,GO-20249050084,THEFT UNDER - BICYCLE,2024-09-16 05:00:00,2024,September,Monday,16,260,21,9/19/2024 5:00:00 AM,2024,September,Thursday,19,263,14,D33,"Apartment (Rooming House, Condo)",Apartment,UK,,OT,,,250.0,STOLEN,047,Don Valley Village (47),047,Don Valley Village (47),-79.3467984469089,43.781770516241,-8832845.19919655,5431732.5430593
37064,GO-20242060139,PROPERTY - FOUND,2024-09-19 05:00:00,2024,September,Thursday,19,263,14,9/19/2024 5:00:00 AM,2024,September,Thursday,19,263,19,D14,"Single Home, House (Attach Garage, Cottage, Mobile)",House,ZZZ,NCM,RG,1.0,BLK,,UNKNOWN,081,Trinity-Bellwoods (81),081,Trinity-Bellwoods (81),-79.4152129282611,43.6453879882929,-8840461.06438435,5410728.15372001
37065,GO-20249050028,THEFT UNDER,2024-09-01 05:00:00,2024,September,Sunday,1,245,15,9/19/2024 5:00:00 AM,2024,September,Thursday,19,263,12,D51,"Private Property Structure (Pool, Shed, Detached Garage)",Other,OT,,MT,21.0,,549.0,STOLEN,073,Moss Park (73),073,Moss Park (73),-79.3710657513763,43.6516011907048,-8835546.62312075,5411684.01627784
37066,GO-20249050184,THEFT UNDER - BICYCLE,2024-09-19 05:00:00,2024,September,Thursday,19,263,10,9/19/2024 5:00:00 AM,2024,September,Thursday,19,263,21,D43,Schools During Un-Supervised Activity,Educational,DB,RIDGEBACK,MT,21.0,GRY,300.0,STOLEN,143,West Rouge (143),131,Rouge (131),-79.1384583592727,43.7865290653982,-8809652.88668856,5432466.27534531
37067,GO-20249050159,THEFT UNDER,2024-09-15 05:00:00,2024,September,Sunday,15,259,18,9/19/2024 5:00:00 AM,2024,September,Thursday,19,263,18,D11,"Private Property Structure (Pool, Shed, Detached Garage)",Other,OT,SCRAMBLER,RC,1.0,WHI,1200.0,STOLEN,083,Dufferin Grove (83),083,Dufferin Grove (83),-79.442999318999,43.6555983081229,-8843554.23128145,5412299.00008847
37068,GO-20249050065,THEFT UNDER - BICYCLE,2024-09-17 05:00:00,2024,September,Tuesday,17,261,21,9/19/2024 5:00:00 AM,2024,September,Thursday,19,263,13,D32,"Parking Lots (Apt., Commercial Or Non-Commercial)",Outside,OT,,EL,35.0,WHI,1200.0,STOLEN,027,York University Heights (27),027,York University Heights (27),-79.4701407655093,43.7838252902536,-8846575.60334089,5432049.36651328
37069,GO-20249050133,THEFT UNDER,2024-09-19 05:00:00,2024,September,Thursday,19,263,11,9/19/2024 5:00:00 AM,2024,September,Thursday,19,263,17,D52,"Bank And Other Financial Institutions (Money Mart, Tsx)",Commercial,UK,SEGWAY G2 MAX,SC,35.0,BLK,1500.0,STOLEN,170,Yonge-Bay Corridor (170),076,Bay Street Corridor (76),-79.3786930451071,43.6510480901517,-8836395.68960496,5411598.92112679
37070,GO-20242055064,THEFT UNDER,2024-09-12 05:00:00,2024,September,Thursday,12,256,19,9/19/2024 5:00:00 AM,2024,September,Thursday,19,263,7,D53,"Streets, Roads, Highways (Bicycle Path, Private Road)",Outside,OTHER,MIDTOWN,RG,9.0,BLU,800.0,STOLEN,095,Annex (95),095,Annex (95),-79.3909869466495,43.6693872093231,-8837764.24051547,5414420.83113961
37071,GO-20249049970,THEFT UNDER,2024-09-18 05:00:00,2024,September,Wednesday,18,262,20,9/19/2024 5:00:00 AM,2024,September,Thursday,19,263,9,D14,"Apartment (Rooming House, Condo)",Apartment,NO,,RG,1.0,BLK,475.0,STOLEN,095,Annex (95),095,Annex (95),-79.412973335542,43.6696091148141,-8840211.75414332,5414454.98193888
37073,GO-20242059378,THEFT UNDER - BICYCLE,2024-09-19 05:00:00,2024,September,Thursday,19,263,16,9/19/2024 5:00:00 AM,2024,September,Thursday,19,263,17,D14,"Streets, Roads, Highways (Bicycle Path, Private Road)",Outside,UNKNOWN MAKE,,MT,0.0,,250.0,STOLEN,081,Trinity-Bellwoods (81),081,Trinity-Bellwoods (81),-79.4068192324862,43.6542841959204,-8839526.68241976,5412096.81044567
37074,GO-20249050104,THEFT UNDER - BICYCLE,2024-09-19 05:00:00,2024,September,Thursday,19,263,12,9/19/2024 5:00:00 AM,2024,September,Thursday,19,263,15,D55,"Apartment (Rooming House, Condo)",Apartment,TR,,RG,,,1000.0,STOLEN,061,Taylor-Massey (61),061,Taylor-Massey (61),-79.2916339623115,43.6961067165384,-8826704.31681647,5418533.80721137
37075,GO-20249050151,THEFT UNDER - BICYCLE,2024-09-19 05:00:00,2024,September,Thursday,19,263,17,9/19/2024 5:00:00 AM,2024,September,Thursday,19,263,18,D55,"Other Commercial / Corporate Places (For Profit, Warehouse, Corp. Bldg",Commercial,OT,HIBOY MAX PRO,EL,35.0,BLK,1000.0,STOLEN,070,South Riverdale (70),070,South Riverdale (70),-79.3375618971235,43.6687811498208,-8831816.99115386,5414327.5607616
37076,GO-20242060139,PROPERTY - FOUND,2024-09-19 05:00:00,2024,September,Thursday,19,263,14,9/19/2024 5:00:00 AM,2024,September,Thursday,19,263,19,D14,"Single Home, House (Attach Garage, Cottage, Mobile)",House,RALE,,MT,18.0,GRY,,UNKNOWN,081,Trinity-Bellwoods (81),081,Trinity-Bellwoods (81),-79.4152129282611,43.6453879882929,-8840461.06438435,5410728.15372001
37077,GO-20249050575,THEFT UNDER - BICYCLE,2024-09-20 05:00:00,2024,September,Friday,20,264,13,9/20/2024 5:00:00 AM,2024,September,Friday,20,264,21,D31,"Other Commercial / Corporate Places (For Profit, Warehouse, Corp. Bldg",Commercial,UK,PREMIUM ALL-TER,EL,40.0,LBL,2300.0,STOLEN,027,York University Heights (27),027,York University Heights (27),-79.4910422999373,43.7634971560737,-8848902.35146256,5428915.47165911
37079,GO-20249050332,THEFT UNDER - BICYCLE,2024-09-19 05:00:00,2024,September,Thursday,19,263,15,9/20/2024 5:00:00 AM,2024,September,Friday,20,264,15,D14,"Single Home, House (Attach Garage, Cottage, Mobile)",House,CA,CANNONDALE TRAI,MT,,GRN,700.0,STOLEN,083,Dufferin Grove (83),083,Dufferin Grove (83),-79.4302421233448,43.6586163078009,-8842134.10671879,5412763.36716958
37080,GO-20249050185,THEFT UNDER,2024-09-19 05:00:00,2024,September,Thursday,19,263,19,9/20/2024 5:00:00 AM,2024,September,Friday,20,264,2,D52,"Streets, Roads, Highways (Bicycle Path, Private Road)",Outside,UK,,RG,28.0,ONG,50.0,STOLEN,170,Yonge-Bay Corridor (170),076,Bay Street Corridor (76),-79.3831609442188,43.6543189934227,-8836893.05384655,5412102.16426488
37081,GO-20249050373,THEFT UNDER - BICYCLE,2024-09-18 05:00:00,2024,September,Wednesday,18,262,23,9/20/2024 5:00:00 AM,2024,September,Friday,20,264,17,D32,"Parking Lots (Apt., Commercial Or Non-Commercial)",Outside,NO,NORTHROCK,RG,,WHI,200.0,STOLEN,033,Clanton Park (33),033,Clanton Park (33),-79.4457596181468,43.7539994818447,-8843861.50636057,5427451.62397968
37082,GO-20249050293,THEFT UNDER - BICYCLE,2024-09-19 05:00:00,2024,September,Thursday,19,263,19,9/20/2024 5:00:00 AM,2024,September,Friday,20,264,13,D51,Nursing Home,Other,UK,,RG,,,0.0,STOLEN,168,Downtown Yonge East (168),075,Church-Yonge Corridor (75),-79.3780802470574,43.6526733917771,-8836327.47324364,5411848.97772364
37083,GO-20242067938,THEFT OF EBIKE UNDER $5000,2024-09-20 05:00:00,2024,September,Friday,20,264,6,9/20/2024 5:00:00 AM,2024,September,Friday,20,264,18,D11,"Apartment (Rooming House, Condo)",Apartment,EMMO,DX,EL,0.0,,,STOLEN,171,Junction-Wallace Emerson (171),093,Dovercourt-Wallace Emerson-Junction (93),-79.4464539206252,43.6667239228586,-8843938.79581699,5414010.96768558
37084,GO-20249050385,THEFT UNDER,2024-09-20 05:00:00,2024,September,Friday,20,264,18,9/20/2024 5:00:00 AM,2024,September,Friday,20,264,18,D55,"Apartment (Rooming House, Condo)",Apartment,SC,SHIMANO,RG,5.0,SIL,1500.0,STOLEN,070,South Riverdale (70),070,South Riverdale (70),-79.3395769900353,43.6661555367565,-8832041.31028052,5413923.49890525
37085,GO-20249050263,THEFT UNDER - BICYCLE,2024-09-19 05:00:00,2024,September,Thursday,19,263,20,9/20/2024 5:00:00 AM,2024,September,Friday,20,264,12,D32,Go Bus,Transit,SU,,RG,,BLK,0.0,STOLEN,050,Newtonbrook East (50),050,Newtonbrook East (50),-79.4159903445941,43.7816329965267,-8840547.60604893,5431711.33953729
37086,GO-20249050216,THEFT UNDER,2024-09-19 05:00:00,2024,September,Thursday,19,263,1,9/20/2024 5:00:00 AM,2024,September,Friday,20,264,12,D53,"Single Home, House (Attach Garage, Cottage, Mobile)",House,UK,21 SPEED HYBRID,RG,21.0,DBL,250.0,STOLEN,098,Rosedale-Moore Park (98),098,Rosedale-Moore Park (98),-79.3851227789081,43.6920209631719,-8837111.44431978,5417904.76198643
37087,GO-20249050259,THEFT UNDER - BICYCLE,2024-09-20 05:00:00,2024,September,Friday,20,264,10,9/20/2024 5:00:00 AM,2024,September,Friday,20,264,12,D14,"Apartment (Rooming House, Condo)",Apartment,UK,,OT,21.0,BLU,750.0,STOLEN,084,Little Portugal (84),084,Little Portugal (84),-79.4259576246795,43.6427561877349,-8841657.15858312,5410323.29750111
37088,GO-20242064410,THEFT UNDER - BICYCLE,2024-09-19 05:00:00,2024,September,Thursday,19,263,8,9/20/2024 5:00:00 AM,2024,September,Friday,20,264,10,D52,"Streets, Roads, Highways (Bicycle Path, Private Road)",Outside,TANKX,,EL,1.0,BLK,2000.0,STOLEN,166,St Lawrence-East Bayfront-The Islands ,077,Waterfront Communities-The Island (77),-79.3779175452756,43.6431728822766,-8836309.36133985,5410387.3973746
37089,GO-20249050264,THEFT UNDER - BICYCLE,2024-09-19 05:00:00,2024,September,Thursday,19,263,22,9/20/2024 5:00:00 AM,2024,September,Friday,20,264,12,D13,"Single Home, House (Attach Garage, Cottage, Mobile)",House,TR,ANTELOPE,MT,,WHI,200.0,STOLEN,032,Englemount-Lawrence (32),032,Englemount-Lawrence (32),-79.4295656918104,43.7184247625752,-8842058.80676431,5421970.66420138
37090,GO-20242075615,THEFT UNDER - BICYCLE,2024-09-21 05:00:00,2024,September,Saturday,21,265,18,9/21/2024 5:00:00 AM,2024,September,Saturday,21,265,20,D53,"Streets, Roads, Highways (Bicycle Path, Private Road)",Outside,OTHER,HYPER,EL,0.0,,,STOLEN,095,Annex (95),095,Annex (95),-79.3954249454667,43.6718984132118,-8838258.27619296,5414807.30676138
37091,GO-20249050366,B&E,2024-09-17 05:00:00,2024,September,Tuesday,17,261,15,9/21/2024 5:00:00 AM,2024,September,Saturday,21,265,2,D13,"Single Home, House (Attach Garage, Cottage, Mobile)",House,GI,GIANT EXPRESSWA,FO,8.0,BLK,700.0,STOLEN,092,Corso Italia-Davenport (92),092,Corso Italia-Davenport (92),-79.439121522145,43.6770818184977,-8843122.55689401,5415605.08667018
37092,GO-20249050452,THEFT UNDER - BICYCLE,2024-09-20 05:00:00,2024,September,Friday,20,264,17,9/21/2024 5:00:00 AM,2024,September,Saturday,21,265,14,D14,"Single Home, House (Attach Garage, Cottage, Mobile)",House,OT,SIRRUS (SPECIAL,RG,15.0,SIL,500.0,STOLEN,162,West Queen West (162),082,Niagara (82),-79.4127985290658,43.6443189866738,-8840192.2947171,5410563.70454745
37094,GO-20249050503,THEFT UNDER,2024-09-21 05:00:00,2024,September,Saturday,21,265,13,9/21/2024 5:00:00 AM,2024,September,Saturday,21,265,16,D14,"Streets, Roads, Highways (Bicycle Path, Private Road)",Outside,OT,NINEBOT MAX SCO,SC,30.0,,999.989990234375,STOLEN,164,Wellington Place (164),077,Waterfront Communities-The Island (77),-79.3956718356503,43.6467277858314,-8838285.75997337,5410934.26493042
37095,GO-20242075955,THEFT UNDER - BICYCLE,2024-09-21 05:00:00,2024,September,Saturday,21,265,20,9/21/2024 5:00:00 AM,2024,September,Saturday,21,265,21,D51,"Streets, Roads, Highways (Bicycle Path, Private Road)",Outside,UNKNOWN MAKE,,RG,0.0,BLKONG,,STOLEN,168,Downtown Yonge East (168),075,Church-Yonge Corridor (75),-79.3765502512035,43.6620517011555,-8836157.15486801,5413291.98517895
37097,GO-20249050726,THEFT UNDER - BICYCLE,2024-09-21 05:00:00,2024,September,Saturday,21,265,15,9/21/2024 5:00:00 AM,2024,September,Saturday,21,265,18,D23,"Other Commercial / Corporate Places (For Profit, Warehouse, Corp. Bldg",Commercial,OT,NEXT LASER/DX,MT,,GLD,0.0,STOLEN,007,Willowridge-Martingrove-Richview (7),007,Willowridge-Martingrove-Richview (7),-79.5308530764543,43.6918622842442,-8853334.06677497,5417880.3325335
37098,GO-20249050612,THEFT UNDER - BICYCLE,2024-09-20 05:00:00,2024,September,Friday,20,264,23,9/21/2024 5:00:00 AM,2024,September,Saturday,21,265,23,D42,Bar / Restaurant,Commercial,OT,,EL,,YEL,1000.0,STOLEN,129,Agincourt North (129),129,Agincourt North (129),-79.2705733318526,43.7983624163883,-8824359.85820909,5434291.14189108
37099,GO-20249050435,THEFT UNDER - BICYCLE,2024-09-16 05:00:00,2024,September,Monday,16,260,18,9/21/2024 5:00:00 AM,2024,September,Saturday,21,265,14,D51,Universities / Colleges,Educational,OT,,RG,3.0,BLU,350.0,STOLEN,168,Downtown Yonge East (168),075,Church-Yonge Corridor (75),-79.3801621473433,43.6576948967987,-8836559.22929152,5412621.5910243
37100,GO-20242075442,THEFT UNDER - BICYCLE,2024-09-21 05:00:00,2024,September,Saturday,21,265,18,9/21/2024 5:00:00 AM,2024,September,Saturday,21,265,19,D42,"Bank And Other Financial Institutions (Money Mart, Tsx)",Commercial,UNKNOWN MAKE,GYROCOPTERS,MT,7.0,BLKBLU,1400.0,STOLEN,147,L'Amoreaux West (147),117,L'Amoreaux (117),-79.3201008921114,43.7995151068595,-8829873.24096852,5434468.92211651
37101,GO-20242082032,PROPERTY - FOUND,2024-09-22 05:00:00,2024,September,Sunday,22,266,18,9/22/2024 5:00:00 AM,2024,September,Sunday,22,266,18,D11,"Open Areas (Lakes, Parks, Rivers)",Outside,TREK,1500 SLR,RC,16.0,RED,,UNKNOWN,086,Roncesvalles (86),086,Roncesvalles (86),-79.4286372237863,43.6422058880777,-8841955.45017933,5410238.64575066
37102,GO-20242081028,PROPERTY - FOUND,2024-09-22 05:00:00,2024,September,Sunday,22,266,15,9/22/2024 5:00:00 AM,2024,September,Sunday,22,266,18,D14,"Open Areas (Lakes, Parks, Rivers)",Outside,GENESIS,STEALTH,MT,18.0,BLK,,UNKNOWN,085,South Parkdale (85),085,South Parkdale (85),-79.423540925485,43.6397202833575,-8841388.13276972,5409856.29885254
37103,GO-20249050636,THEFT UNDER - BICYCLE,2024-09-22 05:00:00,2024,September,Sunday,22,266,3,9/22/2024 5:00:00 AM,2024,September,Sunday,22,266,11,D52,Bar / Restaurant,Commercial,OT,U2 EBIKE 36V 13,EL,35.0,BLK,1000.0,STOLEN,170,Yonge-Bay Corridor (170),076,Bay Street Corridor (76),-79.3799562462733,43.6540727931765,-8836536.30849705,5412064.28433364
37104,GO-20242080153,B&E,2024-09-22 05:00:00,2024,September,Sunday,22,266,1,9/22/2024 5:00:00 AM,2024,September,Sunday,22,266,13,D14,"Private Property Structure (Pool, Shed, Detached Garage)",Other,OTHER,HOLDSTEADY,MT,1.0,BLK,,STOLEN,083,Dufferin Grove (83),083,Dufferin Grove (83),-79.4263960245334,43.6536091999362,-8841705.96104789,5411992.95709081
37105,GO-20249050645,THEFT UNDER - BICYCLE,2024-09-21 05:00:00,2024,September,Saturday,21,265,13,9/22/2024 5:00:00 AM,2024,September,Sunday,22,266,11,D51,Pharmacy,Other,UK,NCM,MT,20.0,WHI,1349.0,STOLEN,167,Church-Wellesley (167),075,Church-Yonge Corridor (75),-79.379357949273,43.6618755009793,-8836469.70637967,5413264.87182645
37106,GO-20249050771,THEFT UNDER,2024-09-20 05:00:00,2024,September,Friday,20,264,12,9/22/2024 5:00:00 AM,2024,September,Sunday,22,266,19,D52,"Streets, Roads, Highways (Bicycle Path, Private Road)",Outside,GI,GIANT ESCAPE 1,RG,24.0,GRY,1400.0,STOLEN,169,Bay-Cloverhill (169),076,Bay Street Corridor (76),-79.3922455448513,43.666052205349,-8837904.34700394,5413907.59725841
37107,GO-20249050837,THEFT UNDER - BICYCLE,2024-09-22 05:00:00,2024,September,Sunday,22,266,13,9/22/2024 5:00:00 AM,2024,September,Sunday,22,266,18,D32,Pharmacy,Other,RA,,MT,,BLK,700.0,STOLEN,037,Willowdale West (37),037,Willowdale West (37),-79.412893072559,43.7692692888757,-8840202.81930704,5429805.22654753
37108,GO-20249050826,THEFT UNDER - BICYCLE,2024-09-22 05:00:00,2024,September,Sunday,22,266,7,9/22/2024 5:00:00 AM,2024,September,Sunday,22,266,16,D52,Pharmacy,Other,UK,CENTURION,RG,,GRN,700.0,STOLEN,170,Yonge-Bay Corridor (170),076,Bay Street Corridor (76),-79.383092246615,43.6613701004739,-8836885.4065315,5413187.10203257
37109,GO-20249051099,THEFT UNDER - BICYCLE,2024-09-23 05:00:00,2024,September,Monday,23,267,10,9/23/2024 5:00:00 AM,2024,September,Monday,23,267,22,D13,Ttc Subway Station,Transit,OT,HYPER E-RIDE MO,EL,,OTH,1299.0,STOLEN,102,Forest Hill North (102),102,Forest Hill North (102),-79.4359807937064,43.6987561669122,-8842772.93265234,5418941.74108823
37112,GO-20242084796,THEFT OVER - BICYCLE,2024-09-23 05:00:00,2024,September,Monday,23,267,5,9/23/2024 5:00:00 AM,2024,September,Monday,23,267,9,D31,"Parking Lots (Apt., Commercial Or Non-Commercial)",Outside,GIAN,UNTAMED 29,RC,21.0,,6500.0,STOLEN,027,York University Heights (27),027,York University Heights (27),-79.4882673010146,43.7640821522063,-8848593.43998693,5429005.64291533
37113,GO-20249050924,THEFT UNDER - BICYCLE,2024-09-22 05:00:00,2024,September,Sunday,22,266,10,9/23/2024 5:00:00 AM,2024,September,Monday,23,267,10,D14,"Parking Lots (Apt., Commercial Or Non-Commercial)",Outside,UK,BUTTER,RG,1.0,BLK,495.0,STOLEN,163,Fort York-Liberty Village (163),082,Niagara (82),-79.4017565327464,43.6383870778458,-8838963.10534504,5409651.22580319
37114,GO-20249051007,THEFT UNDER - BICYCLE,2024-09-22 05:00:00,2024,September,Sunday,22,266,17,9/23/2024 5:00:00 AM,2024,September,Monday,23,267,16,D51,"Open Areas (Lakes, Parks, Rivers)",Outside,OT,GARNEAU,MT,,GRY,1000.0,STOLEN,070,South Riverdale (70),070,South Riverdale (70),-79.3412440710106,43.6421053842902,-8832226.88888855,5410223.18546819
37115,GO-20249051082,THEFT UNDER - BICYCLE,2024-09-23 05:00:00,2024,September,Monday,23,267,14,9/23/2024 5:00:00 AM,2024,September,Monday,23,267,20,D52,"Hospital / Institutions / Medical Facilities (Clinic, Dentist, Morgue)",Other,OT,JASION EB5 PLUS,EL,40.0,GRY,900.0,STOLEN,169,Bay-Cloverhill (169),076,Bay Street Corridor (76),-79.3876831449515,43.6612111003149,-8837396.46295914,5413162.63566071
37116,GO-20249051068,THEFT UNDER - BICYCLE,2024-09-23 05:00:00,2024,September,Monday,23,267,7,9/23/2024 5:00:00 AM,2024,September,Monday,23,267,19,D14,Schools During Supervised Activity,Educational,UK,I9,EL,30.0,BLK,449.0,STOLEN,080,Palmerston-Little Italy (80),080,Palmerston-Little Italy (80),-79.4138848308282,43.6619277060594,-8840313.22130259,5413272.90503363
37117,GO-20249051089,THEFT UNDER,2024-09-19 05:00:00,2024,September,Thursday,19,263,23,9/23/2024 5:00:00 AM,2024,September,Monday,23,267,22,D14,"Apartment (Rooming House, Condo)",Apartment,OT,1000,TO,9.0,DGR,1000.0,STOLEN,164,Wellington Place (164),077,Waterfront Communities-The Island (77),-79.3981419342902,43.646230385334,-8838560.73002494,5410857.74545434
37118,GO-20242090497,THEFT UNDER - BICYCLE,2024-09-22 05:00:00,2024,September,Sunday,22,266,20,9/23/2024 5:00:00 AM,2024,September,Monday,23,267,19,D51,"Streets, Roads, Highways (Bicycle Path, Private Road)",Outside,NORCO,,OT,24.0,BLU,1500.0,RECOVERED,168,Downtown Yonge East (168),075,Church-Yonge Corridor (75),-79.3799562462733,43.6540727931765,-8836536.30849705,5412064.28433364
37119,GO-20249050914,THEFT UNDER - BICYCLE,2024-09-22 05:00:00,2024,September,Sunday,22,266,22,9/23/2024 5:00:00 AM,2024,September,Monday,23,267,13,D43,"Apartment (Rooming House, Condo)",Apartment,SU,,RG,,BLK,339.989990234375,STOLEN,138,Eglinton East (138),138,Eglinton East (138),-79.2462302443756,43.737099481041,-8821649.99804859,5424847.45246951
37121,GO-20249051142,THEFT UNDER - BICYCLE,2024-09-23 05:00:00,2024,September,Monday,23,267,23,9/24/2024 5:00:00 AM,2024,September,Tuesday,24,268,10,D55,Pharmacy,Other,SU,VECTOR,MT,,BLK,200.0,STOLEN,070,South Riverdale (70),070,South Riverdale (70),-79.3470173799772,43.66667052107,-8832869.57070662,5414002.74962982
37122,GO-20249051402,THEFT UNDER - BICYCLE,2024-09-24 05:00:00,2024,September,Tuesday,24,268,18,9/24/2024 5:00:00 AM,2024,September,Tuesday,24,268,22,D14,Pharmacy,Other,OT,,RG,,BLK,450.0,STOLEN,165,Harbourfront-CityPlace (165),077,Waterfront Communities-The Island (77),-79.4006233331241,43.6388386780797,-8838836.95809807,5409720.69022139
37123,GO-20249051126,THEFT UNDER - BICYCLE,2024-09-17 05:00:00,2024,September,Tuesday,17,261,19,9/24/2024 5:00:00 AM,2024,September,Tuesday,24,268,9,D55,"Parking Lots (Apt., Commercial Or Non-Commercial)",Outside,CA,QUICK 4 9SP DEO,OT,4.0,TRQ,1000.0,STOLEN,070,South Riverdale (70),070,South Riverdale (70),-79.3387244797894,43.6546266061262,-8831946.40930142,5412149.49331857
37124,GO-20249051195,THEFT UNDER - BICYCLE,2024-09-24 05:00:00,2024,September,Tuesday,24,268,0,9/24/2024 5:00:00 AM,2024,September,Tuesday,24,268,14,D22,"Apartment (Rooming House, Condo)",Apartment,GI,GIANT XR ROAM,RG,,WHI,1150.0,STOLEN,012,Markland Wood (12),012,Markland Wood (12),-79.5798169974434,43.629282631026,-8858784.70552793,5408250.90509833
37125,GO-20249051216,THEFT UNDER,2024-09-23 05:00:00,2024,September,Monday,23,267,4,9/24/2024 5:00:00 AM,2024,September,Tuesday,24,268,14,D14,"Private Property Structure (Pool, Shed, Detached Garage)",Other,OT,LEO,EL,30.0,GRN,4500.0,STOLEN,080,Palmerston-Little Italy (80),080,Palmerston-Little Italy (80),-79.4220365274655,43.662772609222,-8841220.66395041,5413402.91808908
37126,GO-20249051654,THEFT UNDER - BICYCLE,2024-09-20 05:00:00,2024,September,Friday,20,264,23,9/25/2024 5:00:00 AM,2024,September,Wednesday,25,269,19,D53,"Single Home, House (Attach Garage, Cottage, Mobile)",House,GT,GT,RG,21.0,BLU,550.0,STOLEN,056,Leaside-Bennington (56),056,Leaside-Bennington (56),-79.3701224966335,43.6992729733082,-8835441.62056578,5419021.31543065
37127,GO-20249051604,THEFT UNDER,2024-09-25 05:00:00,2024,September,Wednesday,25,269,13,9/25/2024 5:00:00 AM,2024,September,Wednesday,25,269,16,D52,"Bank And Other Financial Institutions (Money Mart, Tsx)",Commercial,OT,S2 PRO,SC,32.0,BLK,1000.0,STOLEN,170,Yonge-Bay Corridor (170),076,Bay Street Corridor (76),-79.382088246527,43.659098198202,-8836773.64176274,5412837.51573632
37128,GO-20249051548,THEFT UNDER - BICYCLE,2024-09-22 05:00:00,2024,September,Sunday,22,266,11,9/25/2024 5:00:00 AM,2024,September,Wednesday,25,269,13,D55,"Apartment (Rooming House, Condo)",Apartment,UK,SCOTTIE,SC,1.0,PLE,500.0,STOLEN,044,Flemingdon Park (44),044,Flemingdon Park (44),-79.3341700284997,43.7149876627553,-8831439.41002394,5421441.28623215
37129,GO-20249051490,THEFT UNDER - BICYCLE,2024-09-25 05:00:00,2024,September,Wednesday,25,269,9,9/25/2024 5:00:00 AM,2024,September,Wednesday,25,269,14,D31,Ttc Subway Station,Transit,UK,,SC,,BLK,500.0,STOLEN,027,York University Heights (27),027,York University Heights (27),-79.4910422999373,43.7634971560737,-8848902.35146256,5428915.47165911
37130,GO-20249051474,THEFT UNDER,2024-09-25 05:00:00,2024,September,Wednesday,25,269,9,9/25/2024 5:00:00 AM,2024,September,Wednesday,25,269,11,D13,"Streets, Roads, Highways (Bicycle Path, Private Road)",Outside,OT,NINEBOT,SC,30.0,BLK,1000.0,STOLEN,094,Wychwood (94),094,Wychwood (94),-79.4300796237215,43.680723910691,-8842116.01741285,5416165.68386494
37131,GO-20249051678,THEFT UNDER - BICYCLE,2024-09-25 05:00:00,2024,September,Wednesday,25,269,15,9/25/2024 5:00:00 AM,2024,September,Wednesday,25,269,22,D51,Pharmacy,Other,RA,AIRLITE AL200,RG,,SIL,250.0,STOLEN,167,Church-Wellesley (167),075,Church-Yonge Corridor (75),-79.3798481499157,43.6647839038876,-8836524.27530538,5413712.42205453
37132,GO-20249051659,THEFT UNDER,2024-09-25 05:00:00,2024,September,Wednesday,25,269,15,9/25/2024 5:00:00 AM,2024,September,Wednesday,25,269,20,D31,"Other Non Commercial / Corporate Places (Non-Profit, Gov'T, Firehall)",Other,UK,3.0,SC,27.0,BLK,525.0,STOLEN,155,Downsview (155),026,Downsview-Roding-CFB (26),-79.4825858453728,43.7290717480449,-8847960.98319805,5423610.69266123
37133,GO-20249051445,THEFT UNDER - BICYCLE,2024-09-25 05:00:00,2024,September,Wednesday,25,269,9,9/25/2024 5:00:00 AM,2024,September,Wednesday,25,269,11,D11,Pharmacy,Other,OT,SPECIALIZED,MT,,RED,600.0,STOLEN,171,Junction-Wallace Emerson (171),093,Dovercourt-Wallace Emerson-Junction (93),-79.4464539206252,43.6667239228586,-8843938.79581699,5414010.96768558
37135,GO-20249051410,THEFT UNDER,2024-09-24 05:00:00,2024,September,Tuesday,24,268,20,9/25/2024 5:00:00 AM,2024,September,Wednesday,25,269,8,D14,Convenience Stores,Commercial,PR,,MT,20.0,BLU,350.0,STOLEN,164,Wellington Place (164),077,Waterfront Communities-The Island (77),-79.4014108328617,43.6477172872914,-8838924.62219707,5411086.49026821
37136,GO-20249051445,THEFT UNDER - BICYCLE,2024-09-25 05:00:00,2024,September,Wednesday,25,269,9,9/25/2024 5:00:00 AM,2024,September,Wednesday,25,269,11,D11,Pharmacy,Other,OT,SPECIALIZED,MT,,RED,600.0,STOLEN,171,Junction-Wallace Emerson (171),093,Dovercourt-Wallace Emerson-Junction (93),-79.4464539206252,43.6667239228586,-8843938.79581699,5414010.96768558
37137,GO-20242100957,B&E,2024-09-25 05:00:00,2024,September,Wednesday,25,269,5,9/25/2024 5:00:00 AM,2024,September,Wednesday,25,269,5,D32,"Apartment (Rooming House, Condo)",Apartment,TR,CHECKPOINT SL5,OT,,GRY,4200.0,STOLEN,153,Avondale (153),051,Willowdale East (51),-79.4093504075299,43.7603403880244,-8839808.45164319,5428428.90280277
37138,GO-20249051686,THEFT UNDER - BICYCLE,2024-09-24 05:00:00,2024,September,Tuesday,24,268,15,9/25/2024 5:00:00 AM,2024,September,Wednesday,25,269,21,D51,"Other Commercial / Corporate Places (For Profit, Warehouse, Corp. Bldg",Commercial,TR,TREK XCALIBER 9,MT,,GRN,2500.0,STOLEN,166,St Lawrence-East Bayfront-The Islands ,077,Waterfront Communities-The Island (77),-79.3714386505948,43.6494287885324,-8835588.13415887,5411349.79452756
37139,GO-20249051556,THEFT UNDER,2024-09-25 05:00:00,2024,September,Wednesday,25,269,13,9/25/2024 5:00:00 AM,2024,September,Wednesday,25,269,14,D51,Universities / Colleges,Educational,SU,MOUNTAIN,MT,10.0,BLU,300.0,STOLEN,168,Downtown Yonge East (168),075,Church-Yonge Corridor (75),-79.3801621473433,43.6576948967987,-8836559.22929152,5412621.5910243
37140,GO-20249051855,THEFT UNDER,2024-09-25 05:00:00,2024,September,Wednesday,25,269,16,9/26/2024 5:00:00 AM,2024,September,Thursday,26,270,17,D42,"Other Commercial / Corporate Places (For Profit, Warehouse, Corp. Bldg",Commercial,UK,,EL,25.0,BLK,0.0,STOLEN,116,Steeles (116),116,Steeles (116),-79.3325944186481,43.8137073441274,-8831264.01403238,5436658.08050067
37141,GO-20242109757,THEFT UNDER - BICYCLE,2024-09-23 05:00:00,2024,September,Monday,23,267,17,9/26/2024 5:00:00 AM,2024,September,Thursday,26,270,8,D11,"Streets, Roads, Highways (Bicycle Path, Private Road)",Outside,OTHER,JATSEN,EL,21.0,BLK,300.0,STOLEN,088,High Park North (88),088,High Park North (88),-79.4536590166789,43.6599321190901,-8844740.86343482,5412965.83283041
37142,GO-20249051916,THEFT UNDER - BICYCLE,2024-09-26 05:00:00,2024,September,Thursday,26,270,8,9/26/2024 5:00:00 AM,2024,September,Thursday,26,270,22,D31,Ttc Subway Station,Transit,,NAKAMURA,RG,,BLK,300.0,STOLEN,027,York University Heights (27),027,York University Heights (27),-79.4910422999373,43.7634971560737,-8848902.35146256,5428915.47165911
37143,GO-20249051759,THEFT UNDER - BICYCLE,2024-09-26 05:00:00,2024,September,Thursday,26,270,12,9/26/2024 5:00:00 AM,2024,September,Thursday,26,270,13,D51,"Other Non Commercial / Corporate Places (Non-Profit, Gov'T, Firehall)",Other,OT,,MT,,BRN,0.0,STOLEN,072,Regent Park (72),072,Regent Park (72),-79.3592818612672,43.65770629681,-8834234.84648639,5412623.34511212
37144,GO-20249051879,THEFT UNDER,2024-09-25 05:00:00,2024,September,Wednesday,25,269,22,9/26/2024 5:00:00 AM,2024,September,Thursday,26,270,19,D53,"Streets, Roads, Highways (Bicycle Path, Private Road)",Outside,TR,FX 2,RG,12.0,RED,1300.0,STOLEN,098,Rosedale-Moore Park (98),098,Rosedale-Moore Park (98),-79.3846230509524,43.6718093111782,-8837055.81485328,5414793.59363982
37145,GO-20249051997,THEFT UNDER - BICYCLE,2024-09-26 05:00:00,2024,September,Thursday,26,270,21,9/27/2024 5:00:00 AM,2024,September,Friday,27,271,13,D51,Universities / Colleges,Educational,UK,,RC,16.0,BLK,400.0,STOLEN,073,Moss Park (73),073,Moss Park (73),-79.3698427522879,43.6518898909935,-8835410.47949483,5411728.43337757
37146,GO-20249051973,THEFT UNDER - BICYCLE,2024-09-27 05:00:00,2024,September,Friday,27,271,12,9/27/2024 5:00:00 AM,2024,September,Friday,27,271,12,D53,"Apartment (Rooming House, Condo)",Apartment,KH,TIKA,RG,,LBL,800.0,STOLEN,095,Annex (95),095,Annex (95),-79.4003094411357,43.6687345107192,-8838802.01580046,5414320.38322029
37147,GO-20249051961,THEFT UNDER,2024-09-25 05:00:00,2024,September,Wednesday,25,269,16,9/27/2024 5:00:00 AM,2024,September,Friday,27,271,11,D13,"Apartment (Rooming House, Condo)",Apartment,UK,,RG,16.0,,400.0,STOLEN,031,Yorkdale-Glen Park (31),031,Yorkdale-Glen Park (31),-79.4543438288212,43.7123516554136,-8844817.09635796,5421035.31205262
37148,GO-20249051947,THEFT UNDER - BICYCLE,2024-09-27 05:00:00,2024,September,Friday,27,271,11,9/27/2024 5:00:00 AM,2024,September,Friday,27,271,11,D14,Pharmacy,Other,UK,TANGERINE BIKE,OT,1.0,ONG,1500.0,STOLEN,162,West Queen West (162),082,Niagara (82),-79.402682032438,43.6439187839166,-8839066.13142245,5410502.14029502
37149,GO-20249051931,THEFT UNDER - BICYCLE,2024-09-24 05:00:00,2024,September,Tuesday,24,268,0,9/27/2024 5:00:00 AM,2024,September,Friday,27,271,10,D11,"Apartment (Rooming House, Condo)",Apartment,KH,URBAN SOUL,RG,10.0,DGR,549.0,STOLEN,087,High Park-Swansea (87),087,High Park-Swansea (87),-79.4513438162175,43.645865299306,-8844483.13643842,5410801.5815365
37150,GO-20242118692,THEFT UNDER - BICYCLE,2024-09-26 05:00:00,2024,September,Thursday,26,270,16,9/27/2024 5:00:00 AM,2024,September,Friday,27,271,10,D51,"Streets, Roads, Highways (Bicycle Path, Private Road)",Outside,DECACHLON,FOLD120,FO,1.0,BLU,440.0,STOLEN,168,Downtown Yonge East (168),075,Church-Yonge Corridor (75),-79.3749444499711,43.6551427942465,-8835978.39791837,5412228.91407497
37151,GO-20242118331,THEFT UNDER,2024-09-26 05:00:00,2024,September,Thursday,26,270,21,9/27/2024 5:00:00 AM,2024,September,Friday,27,271,10,D51,"Streets, Roads, Highways (Bicycle Path, Private Road)",Outside,OTHER,ET CYCLE,EL,10.0,BLK,,STOLEN,072,Regent Park (72),072,Regent Park (72),-79.3617828608813,43.6603625994663,-8834513.25653286,5413032.07234744
37152,GO-20249051991,THEFT UNDER,2024-09-27 05:00:00,2024,September,Friday,27,271,6,9/27/2024 5:00:00 AM,2024,September,Friday,27,271,13,D11,"Private Property Structure (Pool, Shed, Detached Garage)",Other,UK,,RG,10.0,,700.0,STOLEN,171,Junction-Wallace Emerson (171),093,Dovercourt-Wallace Emerson-Junction (93),-79.441728719496,43.6585561115702,-8843412.78873645,5412754.10483383
37153,GO-20249052098,THEFT UNDER - BICYCLE,2024-09-25 05:00:00,2024,September,Wednesday,25,269,4,9/27/2024 5:00:00 AM,2024,September,Friday,27,271,21,D11,"Apartment (Rooming House, Condo)",Apartment,GI,CONTEND AR 2,TO,20.0,GRY,2000.0,STOLEN,089,Runnymede-Bloor West Village (89),089,Runnymede-Bloor West Village (89),-79.4835808175359,43.665601956761,-8848071.74308576,5413838.30941272
37154,GO-20249052040,THEFT UNDER - BICYCLE,2024-09-27 05:00:00,2024,September,Friday,27,271,17,9/27/2024 5:00:00 AM,2024,September,Friday,27,271,17,D14,Pharmacy,Other,UK,TORONTO CITY BI,RG,,BLK,0.0,STOLEN,081,Trinity-Bellwoods (81),081,Trinity-Bellwoods (81),-79.4226852257703,43.649385793988,-8841292.87679276,5411343.17991427
37155,GO-20242118414,THEFT OF MOTOR VEHICLE,2024-09-26 05:00:00,2024,September,Thursday,26,270,14,9/27/2024 5:00:00 AM,2024,September,Friday,27,271,10,D43,"Apartment (Rooming House, Condo)",Apartment,JASION EB7,EB7 2.0,OT,1.0,BLK,1200.0,STOLEN,139,Scarborough Village (139),139,Scarborough Village (139),-79.2117627872449,43.7437592891871,-8817813.09828641,5425873.59435461
37156,GO-20249052010,THEFT UNDER - BICYCLE,2024-09-25 05:00:00,2024,September,Wednesday,25,269,4,9/27/2024 5:00:00 AM,2024,September,Friday,27,271,15,D11,"Apartment (Rooming House, Condo)",Apartment,CA,TRAIL 8,MT,7.0,BLK,750.0,STOLEN,089,Runnymede-Bloor West Village (89),089,Runnymede-Bloor West Village (89),-79.4835808175359,43.665601956761,-8848071.74308576,5413838.30941272
37157,GO-20249052159,THEFT UNDER - BICYCLE,2024-09-08 05:00:00,2024,September,Sunday,8,252,20,9/28/2024 5:00:00 AM,2024,September,Saturday,28,272,13,D53,"Single Home, House (Attach Garage, Cottage, Mobile)",House,NO,NORCO XFR4,RG,21.0,BLK,2000.0,STOLEN,100,Yonge-Eglinton (100),100,Yonge-Eglinton (100),-79.3999250455253,43.7028307122522,-8838759.2251448,5419569.13097725
37158,GO-20249052229,THEFT UNDER,2024-09-27 05:00:00,2024,September,Friday,27,271,18,9/28/2024 5:00:00 AM,2024,September,Saturday,28,272,18,D41,"Apartment (Rooming House, Condo)",Apartment,OT,UQI+,EL,1.0,,2900.0,STOLEN,119,Wexford/Maryvale (119),119,Wexford/Maryvale (119),-79.3067535664125,43.7346540393633,-8828387.42343475,5424470.68790335
37159,GO-20249052148,THEFT UNDER - BICYCLE,2024-09-14 05:00:00,2024,September,Saturday,14,258,8,9/28/2024 5:00:00 AM,2024,September,Saturday,28,272,12,D14,"Apartment (Rooming House, Condo)",Apartment,SU,KROSSROADS HYBR,OT,,GRY,499.989990234375,STOLEN,165,Harbourfront-CityPlace (165),077,Waterfront Communities-The Island (77),-79.3988660337099,43.6381255772293,-8838641.33646822,5409611.0023598
37160,GO-20249052381,THEFT UNDER - BICYCLE,2024-09-29 05:00:00,2024,September,Sunday,29,273,13,9/29/2024 5:00:00 AM,2024,September,Sunday,29,273,18,D52,Pharmacy,Other,IN,BOSS THREE,RG,7.0,BLK,500.0,STOLEN,166,St Lawrence-East Bayfront-The Islands ,077,Waterfront Communities-The Island (77),-79.3806785434349,43.6409998798805,-8836616.7142313,5410053.13022092
37161,GO-20249052395,THEFT UNDER,2024-09-29 05:00:00,2024,September,Sunday,29,273,4,9/29/2024 5:00:00 AM,2024,September,Sunday,29,273,19,D14,"Apartment (Rooming House, Condo)",Apartment,OT,50 CC GAS SCOOT,SC,50.0,BLK,2500.0,STOLEN,163,Fort York-Liberty Village (163),082,Niagara (82),-79.401919632692,43.6358644751625,-8838981.26155399,5409263.2124883
37162,GO-20249052403,THEFT UNDER - BICYCLE,2024-09-29 05:00:00,2024,September,Sunday,29,273,18,9/29/2024 5:00:00 AM,2024,September,Sunday,29,273,20,D52,"Other Commercial / Corporate Places (For Profit, Warehouse, Corp. Bldg",Commercial,UK,NINEBOT MAX G30,SC,30.0,GRY,899.0,STOLEN,170,Yonge-Bay Corridor (170),076,Bay Street Corridor (76),-79.3837284444395,43.6557204948242,-8836956.22765758,5412317.80003956
37163,GO-20242133902,THEFT OF EBIKE UNDER $5000,2024-09-10 05:00:00,2024,September,Tuesday,10,254,5,9/29/2024 5:00:00 AM,2024,September,Sunday,29,273,9,D43,"Parking Lots (Apt., Commercial Or Non-Commercial)",Outside,GYROCOPTERS,FURY,OT,25.0,BLKRED,800.0,STOLEN,156,Bendale-Glen Andrew (156),127,Bendale (127),-79.2542411407459,43.7766362676131,-8822541.76702343,5430940.94632307
37164,GO-20249052406,THEFT UNDER - BICYCLE,2024-09-29 05:00:00,2024,September,Sunday,29,273,14,9/30/2024 5:00:00 AM,2024,September,Monday,30,274,0,D14,"Apartment (Rooming House, Condo)",Apartment,UK,SPECIALIZED,MT,,BLK,0.0,STOLEN,164,Wellington Place (164),077,Waterfront Communities-The Island (77),-79.4000691333089,43.6444407835676,-8838775.26483628,5410582.44097329
37166,GO-20249052414,THEFT UNDER,2024-09-30 05:00:00,2024,September,Monday,30,274,7,9/30/2024 5:00:00 AM,2024,September,Monday,30,274,8,D51,"Open Areas (Lakes, Parks, Rivers)",Outside,UK,NON-ELECTRIC,OT,1.0,ONG,1200.0,STOLEN,071,Cabbagetown-South St.James Town (71),071,Cabbagetown-South St.James Town (71),-79.3743374529688,43.6629221020259,-8835910.82732142,5413425.92215304
37167,GO-20242142985,THEFT UNDER,2024-09-30 05:00:00,2024,September,Monday,30,274,2,9/30/2024 5:00:00 AM,2024,September,Monday,30,274,15,D55,"Single Home, House (Attach Garage, Cottage, Mobile)",House,OTHER,UNKN,OT,1.0,BLK,2000.0,STOLEN,062,East End-Danforth (62),062,East End-Danforth (62),-79.3070279425797,43.6777362226092,-8828417.96694268,5415705.81130125
37168,GO-20249052513,THEFT UNDER,2024-09-30 05:00:00,2024,September,Monday,30,274,13,9/30/2024 5:00:00 AM,2024,September,Monday,30,274,15,D51,"Streets, Roads, Highways (Bicycle Path, Private Road)",Outside,OT,SPECIALIZED,RG,4.0,DGR,300.0,STOLEN,167,Church-Wellesley (167),075,Church-Yonge Corridor (75),-79.3867607489655,43.6702328098251,-8837293.78230611,5414550.96777431
37169,GO-20249052631,THEFT UNDER,2024-09-30 05:00:00,2024,September,Monday,30,274,15,9/30/2024 5:00:00 AM,2024,September,Monday,30,274,22,D55,"Streets, Roads, Highways (Bicycle Path, Private Road)",Outside,OT,NINEBOT KICKSCO,EL,30.0,GRY,999.989990234375,STOLEN,066,Danforth (66),066,Danforth (66),-79.3323683217058,43.6814761966161,-8831238.84502946,5416281.48125545
37170,GO-20249052627,THEFT UNDER - BICYCLE,2024-09-30 05:00:00,2024,September,Monday,30,274,19,9/30/2024 5:00:00 AM,2024,September,Monday,30,274,23,D32,Bar / Restaurant,Commercial,OT,GHOST KATO FS 2,MT,,BLK,2500.0,STOLEN,038,Lansing-Westgate (38),038,Lansing-Westgate (38),-79.4109200014448,43.761515587777,-8839983.1779367,5428610.03941158
37171,GO-20249052609,THEFT UNDER,2024-09-30 05:00:00,2024,September,Monday,30,274,18,9/30/2024 5:00:00 AM,2024,September,Monday,30,274,20,D14,"Other Non Commercial / Corporate Places (Non-Profit, Gov'T, Firehall)",Other,UK,KQI3 PRO,SC,30.0,,1500.0,STOLEN,081,Trinity-Bellwoods (81),081,Trinity-Bellwoods (81),-79.4159221280246,43.6471805907352,-8840540.01216722,5411003.92437103
37172,GO-20249052585,THEFT UNDER - BICYCLE,2024-09-30 05:00:00,2024,September,Monday,30,274,11,9/30/2024 5:00:00 AM,2024,September,Monday,30,274,18,D52,"Other Commercial / Corporate Places (For Profit, Warehouse, Corp. Bldg",Commercial,NO,NORCO,OT,,BLU,500.0,STOLEN,170,Yonge-Bay Corridor (170),076,Bay Street Corridor (76),-79.3786930451071,43.6510480901517,-8836395.68960496,5411598.92112679
37173,GO-20242146508,THEFT UNDER - BICYCLE,2024-09-30 05:00:00,2024,September,Monday,30,274,20,9/30/2024 5:00:00 AM,2024,September,Monday,30,274,21,D52,"Religious Facilities (Synagogue, Church, Convent, Mosque)",Other,OTHER,EVO HYBRID,MT,24.0,BLUGRN,250.0,STOLEN,170,Yonge-Bay Corridor (170),076,Bay Street Corridor (76),-79.3860014435204,43.6552361943399,-8837209.25686016,5412243.28468471
37174,GO-20249052622,THEFT UNDER - BICYCLE,2024-09-30 05:00:00,2024,September,Monday,30,274,22,9/30/2024 5:00:00 AM,2024,September,Monday,30,274,22,D51,Bar / Restaurant,Commercial,UK,,RG,,,1200.0,STOLEN,071,Cabbagetown-South St.James Town (71),071,Cabbagetown-South St.James Town (71),-79.3680433576789,43.6644642035679,-8835210.17187101,5413663.22498903
37175,GO-20249052405,THEFT UNDER - BICYCLE,2024-09-29 05:00:00,2024,September,Sunday,29,273,17,9/30/2024 5:00:00 AM,2024,September,Monday,30,274,0,D51,Pharmacy,Other,KO,2016 PRIVATE JA,OT,10.0,BLK,2000.0,STOLEN,168,Downtown Yonge East (168),075,Church-Yonge Corridor (75),-79.3778617503685,43.6621694012731,-8836303.15026886,5413310.09669654
37176,GO-20242142612,THEFT UNDER,2024-09-28 05:00:00,2024,September,Saturday,28,272,23,9/30/2024 5:00:00 AM,2024,September,Monday,30,274,14,D14,"Open Areas (Lakes, Parks, Rivers)",Outside,UK,S2,SC,30.0,BLK,550.0,STOLEN,081,Trinity-Bellwoods (81),081,Trinity-Bellwoods (81),-79.4139656286768,43.6451995878765,-8840322.21569481,5410699.17109866
37177,GO-20242146623,B&E,2024-09-30 05:00:00,2024,September,Monday,30,274,2,9/30/2024 5:00:00 AM,2024,September,Monday,30,274,22,D32,"Apartment (Rooming House, Condo)",Apartment,ZZZ,,TO,5.0,BLUBLK,400.0,STOLEN,035,Westminster-Branson (35),035,Westminster-Branson (35),-79.4425973987847,43.7723105803945,-8843509.48975172,5430274.06586626
37178,GO-20249052489,THEFT UNDER - BICYCLE,2024-09-29 05:00:00,2024,September,Sunday,29,273,23,9/30/2024 5:00:00 AM,2024,September,Monday,30,274,14,D14,"Apartment (Rooming House, Condo)",Apartment,TR,TREK 700 MULTIT,MT,,BLU,180.0,STOLEN,080,Palmerston-Little Italy (80),080,Palmerston-Little Italy (80),-79.4208890279304,43.6630198090866,-8841092.92494605,5413440.95739019
